Pressure (P),Temperature (T),Z (Pitzer),Z (PR)
10,273,0.9952558066430311,0.9927673523921102
10,274,0.9953707646602232,0.9929105545029837
10,275,0.9954839629835919,0.9930516776600445
10,276,0.9955954328207892,0.9931907572368077
10,277,0.9957052047271531,0.9933278278877354
10,278,0.9958133086215322,0.993462923565454
10,279,0.9959197738016757,0.9935960775374947
10,280,0.9960246289591961,0.9937273224025686
10,281,0.9961279021941213,0.9938566901064019
10,282,0.996229621029049,0.9939842119571256
10,283,0.9963298124229131,0.9941099186402509
10,284,0.9964285027843769,0.9942338402332416
10,285,0.9965257179848621,0.9943560062196839
10,286,0.9966214833712268,0.9944764455030797
10,287,0.9967158237781013,0.9945951864202646
10,288,0.9968087635398936,0.9947122567544747
10,289,0.9969003265024737,0.9948276837480516
10,290,0.9969905360345462,0.9949414941148244
10,291,0.9970794150387214,0.9950537140521538
10,292,0.9971669859622933,0.9951643692526685
10,293,0.9972532708077324,0.995273484915677
10,294,0.9973382911429046,0.9953810857582982
10,295,0.9974220681110206,0.9954871960262992
10,296,0.997504622440326,0.9955918395046363
10,297,0.9975859744535398,0.9956950395277412
10,298,0.9976661440770473,0.9957968189895376
10,299,0.997745150849856,0.9958972003531903
10,300,0.9978230139323202,0.9959962056606203
10,301,0.9978997521146417,0.9960938565417675
10,302,0.9979753838251534,0.9961901742236193
10,303,0.9980499271383905,0.996285179539013
10,304,0.9981233997829576,0.9963788929352132
10,305,0.9981958191491955,0.9964713344822806
10,306,0.9982672022966548,0.9965625238812236
10,307,0.9983375659613807,0.9966524804719438
10,308,0.9984069265630158,0.9967412232409992
10,309,0.9984753002117241,0.9968287708291581
10,310,0.9985427027149437,0.9969151415387767
10,311,0.9986091495839694,0.9970003533409925
10,312,0.9986746560403746,0.9970844238827404
10,313,0.9987392370222727,0.9971673704935946
10,314,0.9988029071904251,0.9972492101924552
10,315,0.9988656809341989,0.9973299596940577
10,316,0.9989275723773793,0.9974096354153342
10,317,0.9989885953838393,0.9974882534816228
10,318,0.9990487635630723,0.9975658297327188
10,319,0.9991080902755896,0.997642379728788
10,320,0.9991665886381886,0.9977179187561402
10,321,0.9992242715290932,0.9977924618328622
10,322,0.9992811515929705,0.9978660237143161
20,273,0.9905116132860623,0.9864208695760536
20,274,0.9907415293204466,0.9866986432511535
20,275,0.9909679259671837,0.9869723334150486
20,276,0.9911908656415785,0.9872420109141957
20,277,0.991410409454306,0.9875077451125722
20,278,0.9916266172430644,0.9877696039286074
20,279,0.9918395476033515,0.9880276538710283
20,280,0.992049257918392,0.9882819600736656
20,281,0.9922558043882426,0.9885325863292628
20,282,0.9924592420580979,0.9887795951222923
20,283,0.9926596248458263,0.989023047660861
20,284,0.9928570055687539,0.9892630039076764
20,285,0.9930514359697242,0.9894995226101517
20,286,0.9932429667424536,0.9897326613296604
20,287,0.9934316475562025,0.9899624764699493
20,288,0.9936175270797871,0.9901890233047898
20,289,0.9938006530049474,0.990412356004817
20,290,0.9939810720690925,0.9906325276636566
20,291,0.994158830077443,0.9908495903233178
20,292,0.9943339719245865,0.9910635949988748
20,293,0.9945065416154647,0.9912745917025
20,294,0.9946765822858092,0.9914826294668134
20,295,0.9948441362220412,0.9916877563676111
20,296,0.995009244880652,0.9918900195459799
20,297,0.9951719489070795,0.992089465229812
20,298,0.9953322881540946,0.9922861387547373
20,299,0.995490301699712,0.9924800845845089
20,300,0.9956460278646403,0.9926713463308366
20,301,0.9957995042292834,0.9928599667726951
20,302,0.9959507676503068,0.9930459878751248
20,303,0.996099854276781,0.993229450807541
20,304,0.9962467995659152,0.9934103959615566
20,305,0.9963916382983912,0.9935888629683426
20,306,0.9965344045933096,0.9937648907155465
20,307,0.9966751319227614,0.9939385173637536
20,308,0.9968138531260314,0.9941097803625428
20,309,0.9969506004234483,0.9942787164661229
20,310,0.9970854054298874,0.9944453617485621
20,311,0.9972182991679389,0.9946097516186441
20,312,0.9973493120807493,0.9947719208343327
20,313,0.9974784740445454,0.9949319035168833
20,314,0.99760581438085,0.9950897331645839
20,315,0.9977313618683978,0.9952454426661701
20,316,0.9978551447547587,0.9953990643138874
20,317,0.9979771907676788,0.9955506298162404
20,318,0.9980975271261445,0.9957001703104144
20,319,0.9982161805511792,0.9958477163744047
20,320,0.9983331772763773,0.9959932980388337
20,321,0.9984485430581864,0.9961369447984822
20,322,0.9985623031859411,0.9962786856235438
30,273,0.9857674199290934,0.980961310774207
30,274,0.9861122939806698,0.9813643262136482
30,275,0.9864518889507755,0.9817613546769074
30,276,0.9867862984623678,0.9821525017204075
30,277,0.9871156141814591,0.9825378706375038
30,278,0.9874399258645966,0.9829175625167491
30,279,0.9877593214050272,0.9832916762984005
30,280,0.9880738868775881,0.983660308829205
30,281,0.9883837065823637,0.984023554915541
30,282,0.9886888630871469,0.9843815073749625
30,283,0.9889894372687393,0.9847342570862103
30,284,0.9892855083531308,0.9850818930377355
30,285,0.9895771539545865,0.9854245023747931
30,286,0.9898644501136804,0.9857621704451556
30,287,0.9901474713343038,0.986094980843478
30,288,0.9904262906196808,0.9864230154543938
30,289,0.9907009795074211,0.9867463544943345
30,290,0.9909716081036386,0.9870650765521716
30,291,0.9912382451161644,0.9873792586286799
30,292,0.9915009578868796,0.9876889761748724
30,293,0.9917598124231971,0.9879943031292523
30,294,0.9920148734287139,0.9882953119540145
30,295,0.9922662043330618,0.9885920736702172
30,296,0.992513867320978,0.9888846578919807
30,297,0.9927579233606193,0.9891731328597247
30,298,0.9929984322311419,0.989457565472481
30,299,0.993235452549568,0.989738021319332
30,300,0.9934690417969605,0.9900145647099527
30,301,0.9936992563439251,0.9902872587043481
30,302,0.99392615147546,0.9905561651417596
30,303,0.9941497814151715,0.9908213446687927
30,304,0.9943701993488729,0.991082856766788
30,305,0.9945874574475867,0.9913407597784517
30,306,0.9948016068899643,0.9915951109337745
30,307,0.995012697884142,0.9918459663752554
30,308,0.9952207796890472,0.9920933811824653
30,309,0.9954259006351726,0.9923374093959454
30,310,0.9956281081448312,0.9925781040404936
30,311,0.9958274487519083,0.9928155171478241
30,312,0.9960239681211239,0.9930496997786509
30,313,0.9962177110668181,0.9932807020441808
30,314,0.9964087215712751,0.9935085731270605
30,315,0.9965970428025966,0.9937333613017854
30,316,0.996782717132138,0.9939551139545713
30,317,0.9969657861515181,0.9941738776027313
30,318,0.9971462906892169,0.9943896979135473
30,319,0.9973242708267688,0.9946026197226754
30,320,0.9974997659145659,0.9948126870520745
30,321,0.9976728145872796,0.9950199431274871
30,322,0.9978434547789116,0.9952244303954854
40,273,0.9810232265721246,0.9763837427868636
40,274,0.9814830586408931,0.9769021039195631
40,275,0.9819358519343674,0.9774127003211597
40,276,0.9823817312831571,0.9779156706141862
40,277,0.9828208189086122,0.9784111503919144
40,278,0.9832532344861289,0.9788992722984237
40,279,0.9836790952067029,0.9793801661061604
40,280,0.9840985158367841,0.9798539587910543
40,281,0.984511608776485,0.9803207746053153
40,282,0.9849184841161958,0.9807807351479707
40,283,0.9853192496916525,0.9812339594332318
40,284,0.9857140111375077,0.9816805639567622
40,285,0.9861028719394486,0.9821206627599423
40,286,0.9864859334849071,0.9825543674921775
40,287,0.986863295112405,0.9829817874713344
40,288,0.9872350541595744,0.9834030297423575
40,289,0.9876013060098947,0.9838181991341574
40,290,0.9879621441381848,0.9842273983147876
40,291,0.9883176601548859,0.9846307278450176
40,292,0.9886679438491729,0.9850282862303132
40,293,0.9890130832309295,0.9854201699713138
40,294,0.9893531645716185,0.9858064736128366
40,295,0.9896882724440823,0.9861872897914583
40,296,0.9900184897613039,0.9865627092817418
40,297,0.9903438978141591,0.9869328210411276
40,298,0.9906645763081892,0.9872977122535497
40,299,0.990980603399424,0.9876574683718171
40,300,0.9912920557292806,0.9880121731587949
40,301,0.9915990084585667,0.9883619087274357
40,302,0.9919015353006134,0.9887067555796857
40,303,0.992199708553562,0.9890467926443083
40,304,0.9924935991318306,0.9893820973136712
40,305,0.9927832765967822,0.9897127454794986
40,306,0.9930688091866191,0.9900388115676673
40,307,0.9933502638455226,0.9903603685720332
40,308,0.9936277062520629,0.9906774880873495
40,309,0.9939012008468967,0.9909902403412869
40,310,0.9941708108597749,0.991298694225597
40,311,0.9944365983358778,0.9916029173264335
40,312,0.9946986241614986,0.9919029759538717
40,313,0.9949569480890909,0.9921989351706354
40,314,0.9952116287617002,0.9924908588200692
40,315,0.9954627237367956,0.9927788095533685
40,316,0.9957102895095173,0.9930628488560999
40,317,0.9959543815353575,0.9933430370740227
40,318,0.9961950542522892,0.9936194334382499
40,319,0.9964323611023583,0.9938920960897388
40,320,0.9966663545527545,0.9941610821031702
40,321,0.9968970861163728,0.9944264475101978
40,322,0.997124606371882,0.9946882473221111
50,273,0.9762790332151557,0.9726776625110668
50,274,0.9768538233011164,0.973301055905702
50,275,0.9774198149179593,0.9739150538867077
50,276,0.9779771641039463,0.9745198256614614
50,277,0.9785260236357651,0.9751155366893177
50,278,0.9790665431076611,0.9757023487825364
50,279,0.9795988690083787,0.9762804202039626
50,280,0.9801231447959802,0.9768499057615698
50,281,0.9806395109706063,0.9774109569000116
50,282,0.9811481051452448,0.9779637217892603
50,283,0.9816490621145656,0.9785083454104733
50,284,0.9821425139218846,0.9790449696391513
50,285,0.9826285899243107,0.9795737333257374
50,286,0.9831074168561339,0.9800947723737014
50,287,0.9835791188905063,0.9806082198152286
50,288,0.9840438176994679,0.9811142058846017
50,289,0.9845016325123684,0.9816128580893361
50,290,0.9849526801727311,0.9821043012791731
50,291,0.9853970751936073,0.9825886577129919
50,292,0.9858349298114661,0.9830660471237221
50,293,0.9862663540386619,0.9835365867813147
50,294,0.9866914557145231,0.9840003915538624
50,295,0.9871103405551029,0.9844575739668993
50,296,0.9875231122016299,0.9849082442609833
50,297,0.9879298722676989,0.9853525104475804
50,298,0.9883307203852365,0.9857904783633379
50,299,0.98872575424928,0.9862222517227854
50,300,0.9891150696616008,0.9866479321695324
50,301,0.9894987605732085,0.9870676193259824
50,302,0.9898769191257668,0.987481410841651
50,303,0.9902496356919526,0.9878894024401096
50,304,0.9906169989147882,0.9882916879646046
50,305,0.9909790957459779,0.9886883594224039
50,306,0.9913360114832739,0.989079507027896
50,307,0.9916878298069033,0.9894652192445056
50,308,0.9920346328150786,0.9898455828254408
50,309,0.9923765010586209,0.9902206828533218
50,310,0.9927135135747186,0.9905906027787283
50,311,0.9930457479198472,0.990955424457693
50,312,0.9933732802018732,0.9913152281881803
50,313,0.9936961851113635,0.9916700927455732
50,314,0.9940145359521252,0.9920200954172201
50,315,0.9943284046709945,0.9923653120360462
50,316,0.9946378618868966,0.9927058170132669
50,317,0.9949429769191969,0.99304168337025
50,318,0.9952438178153614,0.9933729827695144
50,319,0.995540451377948,0.9936997855449371
50,320,0.9958329431909433,0.9940221607311478
50,321,0.996121357645466,0.9943401760921757
50,322,0.9964057579648526,0.9946538981493399
60,273,0.9715348398581869,0.9698272888178572
60,274,0.9722245879613397,0.9705451411292156
60,275,0.972903777901551,0.9712521315887528
60,276,0.9735725969247356,0.9719484567713158
60,277,0.9742312283629182,0.9726343088636964
60,278,0.9748798517291933,0.9733098757840388
60,279,0.9755186428100544,0.973975341297362
60,280,0.9761477737551761,0.9746308851273277
60,281,0.9767674131647276,0.9752766830644166
60,282,0.9773777261742937,0.9759129070706338
60,283,0.9779788745374788,0.9765397253808814
60,284,0.9785710167062616,0.9771573026011201
60,285,0.9791543079091728,0.9777657998034525
60,286,0.9797289002273607,0.978365374618208
60,287,0.9802949426686075,0.9789561813231875
60,288,0.9808525812393615,0.9795383709301257
60,289,0.9814019590148421,0.9801120912685056
60,290,0.9819432162072773,0.9806774870668034
60,291,0.9824764902323289,0.9812347000312598
60,292,0.9830019157737594,0.9817838689222652
60,293,0.9835196248463942,0.9823251296284523
60,294,0.9840297468574277,0.9828586152385641
60,295,0.9845324086661235,0.983384456111183
60,296,0.9850277346419559,0.9839027799423864
60,297,0.9855158467212386,0.9844137118314261
60,298,0.9859968644622839,0.9849173743444636
60,299,0.9864709050991359,0.9854138875764509
60,300,0.9869380835939209,0.9859033692112236
60,301,0.9873985126878502,0.9863859345798482
60,302,0.9878523029509202,0.9868616967173004
60,303,0.988299562830343,0.9873307664175168
60,304,0.9887403986977458,0.9877932522868861
60,305,0.9891749148951734,0.9882492607962263
60,306,0.9896032137799287,0.988698896331291
60,307,0.990025395768284,0.9891422612418701
60,308,0.9904415593780943,0.9895794558895115
60,309,0.990851801270345,0.9900105786939244
60,310,0.9912562162896623,0.9904357261780984
60,311,0.9916548975038167,0.9908549930121816
60,312,0.9920479362422479,0.9912684720561551
60,313,0.9924354221336362,0.9916762544013563
60,314,0.9928174431425503,0.9920784294108579
60,315,0.9931940856051934,0.9924750847587759
60,316,0.993565434264276,0.9928663064685039
60,317,0.9939315723030363,0.9932521789499457
60,318,0.9942925813784337,0.9936327850357314
60,319,0.9946485416535376,0.9940082060164964
60,320,0.9949995318291319,0.9943785216752172
60,321,0.9953456291745593,0.9947438103206458
60,322,0.9956869095578231,0.9951041488198753
70,273,0.966790646501218,0.9678120040697771
70,274,0.9675953526215629,0.9686136403287744
70,275,0.9683877408851429,0.9694031249087136
70,276,0.9691680297455249,0.970180677946366
70,277,0.9699364330900713,0.9709465146557744
70,278,0.9706931603507255,0.9717008454624936
70,279,0.9714384166117301,0.9724438761334359
70,280,0.9721724027143722,0.973175807902521
70,281,0.9728953153588488,0.9738968375922589
70,282,0.9736073472033426,0.9746071577314325
70,283,0.9743086869603919,0.9753069566690302
70,284,0.9749995194906385,0.9759964186845661
70,285,0.975680025894035,0.9766757240949174
70,286,0.9763503835985875,0.9773450493578183
70,287,0.9770107664467088,0.9780045671721244
70,288,0.977661344779255,0.9786544465749627
70,289,0.9783022855173158,0.9792948530359015
70,290,0.9789337522418236,0.9799259485482139
70,291,0.9795559052710503,0.9805478917173753
70,292,0.9801689017360526,0.9811608378468673
70,293,0.9807728956541266,0.981764939021395
70,294,0.9813680380003323,0.9823603441876002
70,295,0.9819544767771441,0.982947199232387
70,296,0.9825323570822819,0.9835256470588978
70,297,0.9831018211747784,0.9840958276602547
70,298,0.9836630085393311,0.9846578781911385
70,299,0.984216055948992,0.9852119330372685
70,300,0.9847610975262411,0.9857581238828633
70,301,0.9852982648024918,0.9862965797761508
70,302,0.9858276867760736,0.986827427192994
70,303,0.9863494899687335,0.9873507900986846
70,304,0.9868637984807035,0.9878667900079916
70,305,0.9873707340443689,0.9883755460434902
70,306,0.9878704160765834,0.9888771749922519
70,307,0.9883629617296646,0.9893717913609403
70,308,0.9888484859411101,0.9898595074293728
70,309,0.9893271014820693,0.99034043330258
70,310,0.989798919004606,0.9908146769614407
70,311,0.9902640470877861,0.9912823443119014
70,312,0.9907225922826225,0.9917435392328559
70,313,0.991174659155909,0.9921983636227296
70,314,0.9916203503329752,0.9926469174447756
70,315,0.9920597665393923,0.9930892987711576
70,316,0.9924930066416553,0.9935256038258501
70,317,0.9929201676868756,0.993955927026375
70,318,0.993341344941506,0.9943803610244408
70,319,0.9937566319291271,0.994798996745488
70,320,0.9941661204673206,0.995211923427201
70,321,0.9945699007036525,0.9956192286569937
70,322,0.9949680611507936,0.996020998408526
80,273,0.9620464531442492,0.966606916229568
80,274,0.9629661172817863,0.9674817117137947
80,275,0.9638717038687348,0.9683432496044101
80,276,0.9647634625663142,0.9691917693848999
80,277,0.9656416378172242,0.9700275052064331
80,278,0.9665064689722577,0.970850686032289
80,279,0.9673581904134059,0.9716615357776102
80,280,0.9681970316735682,0.9724602734446716
80,281,0.96902321755297,0.9732471132538273
80,282,0.9698369682323916,0.9740222647702971
80,283,0.970638499383305,0.9747859330269516
80,284,0.9714280222750153,0.9755383186432414
80,285,0.9722057438788971,0.9762796179404039
80,286,0.9729718669698143,0.9770100230530999
80,287,0.97372659022481,0.9777297220375949
80,288,0.9744701083191487,0.9784388989766103
80,289,0.9752026120197895,0.9791377340809854
80,290,0.9759242882763698,0.979826403788225
80,291,0.9766353203097717,0.9805050808580827
80,292,0.9773358876983458,0.9811739344652589
80,293,0.978026166461859,0.9818331302893326
80,294,0.978706329143237,0.9824828306019939
80,295,0.9793765448881647,0.98312319435172
80,296,0.9800369795226079,0.9837543772459293
80,297,0.9806877956283182,0.9843765318307401
80,298,0.9813291526163784,0.9849898075683934
80,299,0.981961206798848,0.9855943509124337
80,300,0.9825841114585612,0.986190305380713
80,301,0.9831980169171336,0.9867778116262926
80,302,0.983803070601227,0.9873570075063209
80,303,0.9843994171071241,0.9879280281489492
80,304,0.9849871982636611,0.9884910060183463
80,305,0.9855665531935646,0.9890460709778887
80,306,0.9861376183732382,0.989593350351559
80,307,0.9867005276910453,0.990132968983654
80,308,0.9872554125041259,0.9906650492968082
80,309,0.9878024016937934,0.9911897113484287
80,310,0.9883416217195498,0.9917070728855659
80,311,0.9888731966717557,0.9922172493982824
80,312,0.9893972483229971,0.9927203541715655
80,313,0.9899138961781817,0.9932164983358307
80,314,0.9904232575234003,0.9937057909160542
80,315,0.9909254474735911,0.9941883388795855
80,316,0.9914205790190347,0.9946642471826811
80,317,0.9919087630707151,0.9951336188157922
80,318,0.9923901085045783,0.9955965548476486
80,319,0.9928647222047168,0.9960531544681811
80,320,0.9933327091055092,0.9965035150303115
80,321,0.9937941722327457,0.9969477320906405
80,322,0.9942492127437642,0.9973858994490898
90,273,0.9573022597872803,0.9661835065414398
90,274,0.9583368819420095,0.9671210260083262
90,275,0.9593556668523266,0.9680443682029476
90,276,0.9603588953871034,0.9689537875214953
90,277,0.9613468425443773,0.969849532754884
90,278,0.96231977759379,0.9707318472381322
90,279,0.9632779642150817,0.9716009689950169
90,280,0.9642216606327643,0.9724571308782088
90,281,0.9651511197470913,0.9733005607050248
90,282,0.9660665892614405,0.9741314813889774
90,283,0.9669683118062181,0.9749501110672539
90,284,0.9678565250593922,0.9757566632242838
90,285,0.9687314618637592,0.9765513468115197
90,286,0.969593350341041,0.9773343663635851
90,287,0.9704424140029113,0.9781059221108944
90,288,0.9712788718590423,0.9788662100888894
90,289,0.9721029385222631,0.9796154222439886
90,290,0.9729148243109159,0.9803537465363874
90,291,0.9737147353484933,0.9810813670398003
90,292,0.974502873660639,0.9817984640382466
90,293,0.9752794372695913,0.9825052141200099
90,294,0.9760446202861416,0.9832017902688257
90,295,0.9767986129991852,0.9838883619524286
90,296,0.9775416019629339,0.9845650952085179
90,297,0.978273770081858,0.985232152728259
90,298,0.9789952966934258,0.9858896939373634
90,299,0.979706357648704,0.9865378750748752
90,300,0.9804071253908814,0.9871768492697013
90,301,0.9810977690317753,0.9878067666149684
90,302,0.9817784544263802,0.9884277742402995
90,303,0.9824493442455146,0.9890400163820487
90,304,0.9831105980466187,0.9896436344515763
90,305,0.9837623723427601,0.9902387671016287
90,306,0.984404820669893,0.9908255502908749
90,307,0.985038093652426,0.9914041173466654
90,308,0.9856623390671415,0.9919745990260698
90,309,0.9862777019055176,0.9925371235752463
90,310,0.9868843244344934,0.9930918167871958
90,311,0.9874823462557251,0.9936388020579495
90,312,0.9880719043633718,0.9941782004412447
90,313,0.9886531332004543,0.9947101307017319
90,314,0.9892261647138254,0.9952347093667574
90,315,0.98979112840779,0.9957520507767691
90,316,0.990348151396414,0.9962622671343846
90,317,0.9908973584545544,0.9967654685521689
90,318,0.9914388720676506,0.9972617630991505
90,319,0.9919728124803063,0.9977512568461226
90,320,0.9924992977436978,0.9982340539097634
90,321,0.9930184437618389,0.9987102564956148
90,322,0.9935303643367347,0.9991799649399469
100,273,0.9525580664303115,0.9665103255424532
100,274,0.9537076466022327,0.9675004450804346
100,275,0.9548396298359185,0.9684756516329761
100,276,0.9559543282078926,0.9694362100419665
100,277,0.9570520472715303,0.9703823794107792
100,278,0.9581330862153221,0.9713144132532218
100,279,0.9591977380167575,0.9722325596379472
100,280,0.9602462895919602,0.973137061328554
100,281,0.9612790219412126,0.9740281559194577
100,282,0.9622962102904895,0.9749060759677177
100,283,0.9632981242291312,0.9757710491209385
100,284,0.9642850278437692,0.9766232982413849
100,285,0.9652571798486214,0.9774630415264303
100,286,0.9662148337122678,0.9782904926254682
100,287,0.9671582377810125,0.9791058607533978
100,288,0.9680876353989358,0.9799093508008136
100,289,0.9690032650247369,0.9807011634409735
100,290,0.9699053603454622,0.9814814952337021
100,291,0.9707941503872147,0.9822505387262827
100,292,0.9716698596229323,0.9830084825514558
100,293,0.9725327080773237,0.9837555115226372
100,294,0.9733829114290462,0.9844918067264069
100,295,0.9742206811102059,0.9852175456123967
100,296,0.9750462244032599,0.9859329020806206
100,297,0.9758597445353977,0.9866380465663783
100,298,0.976661440770473,0.9873331461227595
100,299,0.97745150849856,0.9880183645008662
100,300,0.9782301393232015,0.9886938622277998
100,301,0.9789975211464169,0.9893597966824966
100,302,0.9797538382515336,0.9900163221694751
100,303,0.980499271383905,0.9906635899905606
100,304,0.9812339978295763,0.9913017485146578
100,305,0.9819581914919556,0.9919309432456169
100,306,0.9826720229665478,0.9925513168882661
100,307,0.9833756596138067,0.9931630094126723
100,308,0.9840692656301573,0.9937661581166548
100,309,0.9847530021172417,0.9943608976866514
100,310,0.9854270271494371,0.9949473602569427
100,311,0.9860914958396946,0.9955256754673139
100,312,0.9867465604037464,0.9960959705191911
100,313,0.9873923702227271,0.9966583702303013
100,314,0.9880290719042504,0.9972129970878911
100,315,0.988656809341989,0.9977599713005678
100,316,0.9892757237737934,0.9982994108487808
100,317,0.9898859538383937,0.998831431533997
100,318,0.9904876356307228,0.999356147026616
100,319,0.9910809027558959,0.9998736689126392
100,320,0.9916658863818865,1.0003841067391468
100,321,0.9922427152909321,1.0008875680586278
100,322,0.9928115159297052,1.0013841584721639
110,273,0.9478138730733426,0.9675537014752832
110,274,0.9490784112624561,0.968586709906187
110,275,0.9503235928195103,0.9696042473500157
110,276,0.9515497610286819,0.9706065847606296
110,277,0.9527572519986833,0.9715939873552089
110,278,0.9539463948368544,0.9725667147576148
110,279,0.9551175118184332,0.9735250211376867
110,280,0.9562709185511563,0.974469155346584
110,281,0.9574069241353338,0.9753993610483227
110,282,0.9585258313195384,0.9763158768475778
110,283,0.9596279366520444,0.9772189364139211
110,284,0.9607135306281461,0.9781087686025403
110,285,0.9617828978334835,0.9789855975716153
110,286,0.9628363170834946,0.9798496428963929
110,287,0.9638740615591138,0.9807011196801012
110,288,0.9648963989388294,0.9815402386617788
110,289,0.9659035915272105,0.9823672063211237
110,290,0.9668958963800084,0.9831822249804477
110,291,0.9678735654259362,0.9839854929038288
110,292,0.9688368455852255,0.9847772043935443
110,293,0.9697859788850561,0.9855575498838524
110,294,0.9707212025719508,0.9863267160322493
110,295,0.9716427492212264,0.9870848858082091
110,296,0.972550846843586,0.9878322385795459
110,297,0.9734457189889375,0.9885689501964354
110,298,0.9743275848475204,0.9892951930731666
110,299,0.9751966593484159,0.9900111362677217
110,300,0.9760531532555217,0.9907169455591969
110,301,0.9768972732610587,0.991412783523193
110,302,0.977729222076687,0.9920988096051736
110,303,0.9785491985222956,0.9927751801919023
110,304,0.979357397612534,0.9934420486809775
110,305,0.9801540106411513,0.9940995655485512
110,306,0.9809392252632027,0.9947478784152712
110,307,0.9817132255751874,0.9953871321104886
110,308,0.982476192193173,0.9960174687348043
110,309,0.983228302328966,0.9966390277209933
110,310,0.9839697298643808,0.9972519458933445
110,311,0.984700645423664,0.9978563575254774
110,312,0.9854212164441212,0.9984523943966752
110,313,0.9861316072449998,0.9990401858467668
110,314,0.9868319790946755,0.9996198588296203
110,315,0.9875224902761879,1.0001915379652677
110,316,0.9882032961511726,1.0007553455907099
110,317,0.9888745492222332,1.0013114018094473
110,318,0.9895363991937952,1.001859824539754
110,319,0.9901889930314856,1.0024007295617394
110,320,0.9908324750200751,1.0029342305632516
110,321,0.9914669868200253,1.0034604391846098
110,322,0.9920926675226758,1.0039794650622567
120,273,0.9430696797163738,0.9692784293483526
120,274,0.9444491759226793,0.9703451077818742
120,275,0.9458075558031022,0.9713959254514187
120,276,0.9471451938494712,0.9724311553591684
120,277,0.9484624567258364,0.9734510648964605
120,278,0.9497597034583866,0.9744559159770492
120,279,0.9510372856201089,0.9754459651668956
120,280,0.9522955475103523,0.9764214638106201
120,281,0.9535348263294551,0.9773826581546639
120,282,0.9547554523485874,0.978329789467273
120,283,0.9559577490749575,0.9792630941553625
120,284,0.957142033412523,0.9801828038783569
120,285,0.9583086158183457,0.9810891456590827
120,286,0.9594578004547214,0.981982341991785
120,287,0.960589885337215,0.9828626109473434
120,288,0.961705162478723,0.9837301662757817
120,289,0.9628039180296842,0.9845852175061043
120,290,0.9638864324145546,0.9854279700435815
120,291,0.9649529804646577,0.9862586252645003
120,292,0.9660038315475187,0.9870773806084897
120,293,0.9670392496927884,0.9878844296684676
120,294,0.9680594937148554,0.9886799622782716
120,295,0.969064817332247,0.9894641645980464
120,296,0.9700554692839118,0.9902372191974489
120,297,0.9710316934424773,0.9909993051367154
120,298,0.9719937289245676,0.9917505980456707
120,299,0.972941810198272,0.9924912702007166
120,300,0.9738761671878419,0.9932214905998713
120,301,0.9747970253757003,0.9939414250358982
120,302,0.9757046059018404,0.9946512361675897
120,303,0.9765991256606861,0.995351083589246
120,304,0.9774807973954917,0.996041123898407
120,305,0.9783498297903468,0.9967215107618757
120,306,0.9792064275598574,0.9973923949800924
120,307,0.9800507915365679,0.9980539245498908
120,308,0.9808831187561887,0.9987062447256964
120,309,0.9817036025406901,0.9993494980791886
120,310,0.9825124325793245,0.9999838245574932
120,311,0.9833097950076335,1.0006093615399259
120,312,0.9840958724844958,1.0012262438933344
120,313,0.9848708442672724,1.0018346040260762
120,314,0.9856348862851005,1.002434571940674
120,315,0.9863881712103868,1.0030262752851764
120,316,0.987130868528552,1.0036098394032598
120,317,0.9878631446060725,1.00418538738311
120,318,0.9885851627568675,1.0047530401051246
120,319,0.9892970833070751,1.0053129162884389
120,320,0.9899990636582637,1.005865132536358
120,321,0.9906912583491185,1.0064098033806474
120,322,0.9913738191156463,1.006947041324806
130,273,0.9383254863594049,0.9716484149777869
130,274,0.9398199405829026,0.9727400946043206
130,275,0.941291518786694,0.9738156800033417
130,276,0.9427406266702605,0.9748754425338474
130,277,0.9441676614529894,0.9759196481781593
130,278,0.9455730120799188,0.9769485576613288
130,279,0.9469570594217847,0.9779624265678578
130,280,0.9483201764695484,0.9789615054557933
130,281,0.9496627285235764,0.9799460399682188
130,282,0.9509850733776364,0.9809162709421995
130,283,0.9522875614978706,0.9818724345152371
130,284,0.9535705361969,0.9828147622292343
130,285,0.9548343338032078,0.9837434811320924
130,286,0.9560792838259482,0.9846588138769121
130,287,0.9573057091153163,0.9855609788188979
130,288,0.9585139260186166,0.9864501901099856
130,289,0.9597042445321579,0.9873266577912514
130,290,0.9608769684491009,0.9881905878831507
130,291,0.9620323955033792,0.9890421824736257
130,292,0.9631708175098119,0.9898816398041406
130,293,0.9642925205005208,0.9907091543536726
130,294,0.9653977848577601,0.9915249169207279
130,295,0.9664868854432676,0.9923291147034088
130,296,0.9675600917242378,0.9931219313775781
130,297,0.968617667896017,0.9939035471731836
130,298,0.9696598730016149,0.9946741389487586
130,299,0.9706869610481279,0.995433880264164
130,300,0.971699181120162,0.9961829414516006
130,301,0.972696777490342,0.996921489684937
130,302,0.9736799897269938,0.9976496890473945
130,303,0.9746490527990765,0.9983677005976312
130,304,0.9756041971784493,0.9990756824342553
130,305,0.9765456489395423,0.9997737897588082
130,306,0.9774736298565122,1.0004621749372735
130,307,0.9783883574979486,1.001140987560113
130,308,0.9792900453192044,1.0018103745009008
130,309,0.9801789027524143,1.0024704799735633
130,310,0.9810551352942682,1.0031214455882844
130,311,0.9819189445916029,1.003763410406076
130,312,0.9827705285248705,1.0043965109920951
130,313,0.9836100812895452,1.005020881467675
130,314,0.9844377934755255,1.0056366535611714
130,315,0.9852538521445857,1.0062439566575978
130,316,0.9860584409059313,1.0068429178471132
130,317,0.9868517399899119,1.0074336619723738
130,318,0.9876339263199397,1.0080163116747825
130,319,0.9884051735826648,1.0085909874396746
130,320,0.9891656522964524,1.0091578076404466
130,321,0.9899155298782117,1.0097168885816619
130,322,0.9906549707086167,1.0102683445411693
140,273,0.9335812930024361,0.9746272553410955
140,274,0.9351907052431259,0.9757358547404001
140,275,0.9367754817702859,0.9768282692209448
140,276,0.9383360594910497,0.977904765245765
140,277,0.9398728661801424,0.9789656042252023
140,278,0.941386320701451,0.9800110426196735
140,279,0.9428768332234604,0.9810413320406184
140,280,0.9443448054287444,0.9820567193496192
140,281,0.9457906307176976,0.9830574467556951
140,282,0.9472146944066853,0.9840437519107563
140,283,0.9486173739207837,0.9850158680032642
140,284,0.9499990389812769,0.9859740238500567
140,285,0.9513600517880699,0.9869184439864024
140,286,0.952700767197175,0.9878493487542472
140,287,0.9540215328934175,0.9887669543887272
140,288,0.9553226895585102,0.9896714731029083
140,289,0.9566045710346316,0.9905631131708192
140,290,0.9578675044836471,0.9914420790087727
140,291,0.9591118105421006,0.9923085712550018
140,292,0.9603378034721052,0.9931627868476491
140,293,0.9615457913082532,0.9940049191011153
140,294,0.9627360760006647,0.9948351577807932
140,295,0.9639089535542882,0.9956536891762423
140,296,0.9650647141645639,0.996460696172776
140,297,0.9662036423495568,0.9972563583215468
140,298,0.9673260170786623,0.9980408519081099
140,299,0.968432111897984,0.9988143500195257
140,300,0.9695221950524822,0.9995770226099963
140,301,0.9705965296049838,1.000329036565106
140,302,0.971655373552147,1.0010705557646356
140,303,0.9726989799374671,1.0018017411440447
140,304,0.9737275969614069,1.0025227507545842
140,305,0.974741468088738,1.0032337398221123
140,306,0.975740832153167,1.0039348608046221
140,307,0.9767259234593293,1.004626263448508
140,308,0.9776969718822202,1.0053080948435968
140,309,0.9786542029641384,1.0059804994769703
140,310,0.979597838009212,1.0066436192856163
140,311,0.9805280941755724,1.0072975937079045
140,312,0.9814451845652451,1.0079425597339524
140,313,0.9823493183118179,1.0085786519548645
140,314,0.9832407006659506,1.009206002610899
140,315,0.9841195330787845,1.0098247416385737
140,316,0.9849860132833106,1.0104349967167308
140,317,0.9858403353737513,1.0110368933116103
140,318,0.986682689883012,1.0116305547208906
140,319,0.9875132638582543,1.0122161021168097
140,320,0.988332240934641,1.0127936545883045
140,321,0.989139801407305,1.0133633291822464
140,322,0.9899361223015873,1.0139252409437585
150,273,0.9288370996454671,0.9781787435796462
150,274,0.9305614699033492,0.9792967876707482
150,275,0.9322594447538777,0.980398684481085
150,276,0.933931492311839,0.9814846927973373
150,277,0.9355780709072955,0.9825550667476801
150,278,0.9371996293229832,0.9836100558860947
150,279,0.9387966070251361,0.9846499052757535
150,280,0.9403694343879404,0.98567485557141
150,281,0.9419185329118189,0.986685143100769
150,282,0.9434443154357343,0.9876809999447784
150,283,0.9449471863436969,0.9886626540168374
150,284,0.9464275417656538,0.9896303291408802
150,285,0.947885769772932,0.990584245128315
150,286,0.9493222505684017,0.9915246178537946
150,287,0.9507373566715188,0.9924516593298228
150,288,0.9521314530984037,0.9933655777801665
150,289,0.9535048975371053,0.9942665777120849
150,290,0.9548580405181932,0.9951548599873505
150,291,0.956191225580822,0.9960306218920701
150,292,0.9575047894343984,0.9968940572053134
150,293,0.9587990621159856,0.9977453562665355
150,294,0.9600743671435693,0.9985847060418136
150,295,0.9613310216653088,0.999412290188884
150,296,0.9625693366048899,1.000228289121011
150,297,0.9637896168030966,1.0010328800696673
150,298,0.9649921611557095,1.0018262371460707
150,299,0.96617726274784,1.0026085314015476
150,300,0.9673452089848023,1.0033799308867697
150,301,0.9684962817196254,1.0041406007098606
150,302,0.9696307573773004,1.0048907030933771
150,303,0.9707489070758576,1.0056303974302072
150,304,0.9718509967443646,1.0063598403383656
150,305,0.9729372872379335,1.0070791857147268
150,306,0.9740080344498218,1.0077885847876904
150,307,0.97506348942071,1.008488186168819
150,308,0.9761038984452359,1.009178135903453
150,309,0.9771295031758626,1.009858577520294
150,310,0.9781405407241557,1.0105296520800238
150,311,0.9791372437595418,1.011191498222926
150,312,0.9801198406056197,1.011844252215562
150,313,0.9810885553340906,1.0124880479964995
150,314,0.9820436078563756,1.0131230172211132
150,315,0.9829852140129834,1.0137492893054716
150,316,0.98391358566069,1.014366991469351
150,317,0.9848289307575907,1.0149762487783436
150,318,0.9857314534460844,1.0155771841851253
150,319,0.9866213541338439,1.01616991856988
150,320,0.9874988295728298,1.016754570779885
150,321,0.988364072936398,1.0173312576682885
150,322,0.9892172738945578,1.017900094132103
160,273,0.9240929062884984,0.9822672933294696
160,274,0.9259322345635724,0.9833879165957246
160,275,0.9277434077374695,0.9844925438294874
160,276,0.9295269251326282,0.9855814238386718
160,277,0.9312832756344485,0.9866548012177957
160,278,0.9330129379445155,0.9877129164129169
160,279,0.9347163808268119,0.9887560057865208
160,280,0.9363940633471365,0.9897843016822365
160,281,0.9380464351059401,0.990798032489326
160,282,0.9396739364647831,0.9917974227068781
160,283,0.94127699876661,0.9927826930076132
160,284,0.9428560445500307,0.9937540603012583
160,285,0.9444114877577943,0.9947117377974385
160,286,0.9459437339396285,0.9956559350680356
160,287,0.94745318044962,0.9965868581089556
160,288,0.9489402166382973,0.9975047094012912
160,289,0.9504052240395789,0.99840968797183
160,290,0.9518485765527395,0.9993019894528834
160,291,0.9532706406195436,1.0001818061414005
160,292,0.9546717753966916,1.0010493270573715
160,293,0.9560523329237179,1.0019047380014523
160,294,0.9574126582864739,1.0027482216118577
160,295,0.9587530897763293,1.0035799574204438
160,296,0.9600739590452159,1.0044001219080219
160,297,0.9613755912566364,1.0052088885588588
160,298,0.9626583052327569,1.0060064279143694
160,299,0.9639224135976959,1.006792907626002
160,300,0.9651682229171225,1.0075684925073038
160,301,0.9663960338342671,1.008333344585166
160,302,0.9676061412024538,1.0090876231502433
160,303,0.9687988342142481,1.0098314848065677
160,304,0.9699743965273222,1.0105650835203281
160,305,0.971133106387129,1.0112885706678487
160,306,0.9722752367464765,1.0120020950827466
160,307,0.9734010553820907,1.0127058031022864
160,308,0.9745108250082516,1.0133998386129375
160,309,0.9756048033875868,1.01408434309513
160,310,0.9766832434390994,1.0147594556672228
160,311,0.9777463933435113,1.0154253131287034
160,312,0.9787944966459944,1.0160820500025889
160,313,0.9798277923563633,1.0167297985770993
160,314,0.9808465150468006,1.0173686889465354
160,315,0.9818508949471824,1.0179988490514493
160,316,0.9828411580380693,1.0186204047180363
160,317,0.98381752614143,1.0192334796968454
160,318,0.9847802170091566,1.0198381957007292
160,319,0.9857294444094336,1.0204346724421178
160,320,0.9866654182110184,1.0210230276695784
160,321,0.9875883444654913,1.0216033772036919
160,322,0.9884984254875283,1.0221758349722605
170,273,0.9193487129315294,0.9868582823173886
170,274,0.9213029992237958,0.9879752191510223
170,275,0.9232273707210614,0.9890764103232403
170,276,0.9251223579534176,0.9901620928222958
170,277,0.9269884803616015,0.9912324999011619
170,278,0.9288262465660476,0.9922878611229612
170,279,0.9306361546284876,0.9933284024071738
170,280,0.9324186923063325,0.9943543460764581
170,281,0.9341743373000614,0.9953659109040138
170,282,0.9359035574938321,0.996363312161343
170,283,0.937606811189523,0.9973467616663414
170,284,0.9392845473344077,0.9983164678316097
170,285,0.9409372057426564,0.99927263571292
170,286,0.9425652173108553,1.0002154670577361
170,287,0.9441690042277213,1.0011451603537496
170,288,0.945748980178191,1.0020619108773487
170,289,0.9473055505420527,1.0029659107419624
170,290,0.9488391125872857,1.0038573489462306
170,291,0.950350055658265,1.0047364114219646
170,292,0.9518387613589848,1.0056032810818323
170,293,0.9533056037314503,1.006458137866725
170,294,0.9547509494293785,1.0073011587928242
170,295,0.95617515788735,1.008132517998244
170,296,0.9575785814855419,1.008952386789311
170,297,0.9589615657101761,1.009760933686394
170,298,0.9603244493098042,1.0105583244692884
170,299,0.961667564447552,1.011344722222133
170,300,0.9629912368494425,1.0121202873778201
170,301,0.9642957859489089,1.0128851777619217
170,302,0.9655815250276072,1.01363954863607
170,303,0.9668487613526386,1.014383552740823
170,304,0.9680977963102798,1.015117340337968
170,305,0.9693289255363247,1.0158410592523015
170,306,0.9705424390431313,1.0165548549128143
170,307,0.9717386213434713,1.0172588703933274
170,308,0.9729177515712674,1.0179532464525713
170,309,0.974080103599311,1.0186381215736537
170,310,0.9752259461540431,1.0193136320029905
170,311,0.9763555429274807,1.0199799117886295
170,312,0.977469152686369,1.020637092818014
170,313,0.978567029378636,1.0212853048551487
170,314,0.9796494222372257,1.0219246755772136
170,315,0.9807165758813813,1.0225553306105697
170,316,0.9817687304154487,1.0231773935662247
170,317,0.9828061215252694,1.0237909860746968
170,318,0.9838289805722289,1.0243962278203365
170,319,0.9848375346850231,1.024993236575071
170,320,0.985832006849207,1.0255821282315838
170,321,0.9868126159945845,1.0261630168359621
170,322,0.9877795770804989,1.0267360146197708
180,273,0.9146045195745607,0.9919183191506101
180,274,0.916673763884019,0.993025884135242
180,275,0.9187113337046533,0.9941180390825475
180,276,0.9207177907742068,0.9951950077493636
180,277,0.9226936850887546,0.9962570106525185
180,278,0.9246395551875799,0.9973042650952858
180,279,0.9265559284301633,0.9983369851953429
180,280,0.9284433212655285,0.9993553819140797
180,281,0.9303022394941827,1.000359663087122
180,282,0.932133178522881,1.0013500334559318
180,283,0.9339366236124362,1.002326694700367
180,284,0.9357130501187846,1.0032898454720645
180,285,0.9374629237275185,1.0042396814285783
180,286,0.9391867006820821,1.005176395268139
180,287,0.9408848280058225,1.0061001767649587
180,288,0.9425577437180845,1.0070112128049908
180,289,0.9442058770445263,1.0079096874220723
180,290,0.9458296486218319,1.0087957818343762
180,291,0.9474294706969865,1.0096696744810894
180,292,0.9490057473212781,1.0105315410592883
180,293,0.9505588745391828,1.0113815545609013
180,294,0.9520892405722832,1.0122198853097724
180,295,0.9535972259983705,1.013046700998728
180,296,0.9550832039258679,1.013862166726603
180,297,0.9565475401637159,1.0146664450352156
180,298,0.9579905933868514,1.0154596959462288
180,299,0.9594127152974079,1.0162420769978782
180,300,0.9608142507817627,1.017013743281505
180,301,0.9621955380635505,1.0177748474779182
180,302,0.9635569088527606,1.0185255398934987
180,303,0.9648986884910291,1.0192659684960672
180,304,0.9662211960932374,1.0199962789504868
180,305,0.9675247446855202,1.0207166146539373
180,306,0.9688096413397861,1.0214271167709221
180,307,0.970076187304852,1.0221279242679036
180,308,0.971324678134283,1.022819173947643
180,309,0.9725554038110351,1.0235010004831369
180,310,0.9737686488689868,1.0241735364512274
180,311,0.9749646925114502,1.0248369123658145
180,312,0.9761438087267437,1.0254912567106909
180,313,0.9773062664009087,1.026136695971982
180,314,0.9784523294276507,1.0267733546701925
180,315,0.9795822568155802,1.0274013553918473
180,316,0.9806963027928279,1.0280208188207114
180,317,0.9817947169091088,1.0286318637686245
180,318,0.9828777441353012,1.02923460720589
180,319,0.9839456249606127,1.029829164291269
180,320,0.9849985954873957,1.030415648401549
180,321,0.9860368875236777,1.0309941711606858
180,322,0.9870607286734694,1.0315648424685349
190,273,0.9098603262175917,0.9974154399611412
190,274,0.9120445285442422,0.9985085007166634
190,275,0.9141952966882451,0.9995865593324782
190,276,0.916313223594996,1.0006498253088145
190,277,0.9183988898159076,1.001698505404921
190,278,0.9204528638091121,1.0027328036475407
190,279,0.9224757022318391,1.0037529213415624
190,280,0.9244679502247245,1.004759057082636
190,281,0.9264301416883038,1.0057514067716267
190,282,0.92836279955193,1.0067301636307109
190,283,0.9302664360353493,1.0076955182210197
190,284,0.9321415529031615,1.0086476584616424
190,285,0.9339886417123806,1.0095867696499141
190,286,0.9358081840533089,1.0105130344828266
190,287,0.9376006517839238,1.0114266330794925
190,288,0.9393665072579781,1.012327743004521
190,289,0.941106203547,1.0132165392922445
190,290,0.9428201846563782,1.0140931944716813
190,291,0.944508885735708,1.0149578785921614
190,292,0.9461727332835713,1.015810759249539
190,293,0.947812145346915,1.0166520016129206
190,294,0.9494275317151878,1.0174817684518291
190,295,0.9510192941093911,1.018300220163756
190,296,0.9525878263661939,1.0191075148020268
190,297,0.9541335146172557,1.0199038081039624
190,298,0.9556567374638988,1.0206892535192085
190,299,0.957157866147264,1.0214640022383015
190,300,0.9586372647140828,1.0222282032213006
190,301,0.9600952901781922,1.0229820032265504
190,302,0.961532292677914,1.0237255468394717
190,303,0.9629486156294196,1.0244589765013759
190,304,0.9643445958761951,1.0251824325382692
190,305,0.9657205638347157,1.0258960531895918
190,306,0.9670768436364409,1.0265999746369074
190,307,0.9684137532662327,1.0272943310324816
190,308,0.9697316046972988,1.0279792545277417
190,309,0.9710307040227593,1.0286548753016005
190,310,0.9723113515839306,1.029321321588608
190,311,0.9735738420954196,1.0299787197069297
190,312,0.9748184647671183,1.0306271940861473
190,313,0.9760455034231814,1.0312668672948138
190,314,0.9772552366180758,1.0318978600678153
190,315,0.978447937749779,1.0325202913334897
190,316,0.9796238751702073,1.0331342782404935
190,317,0.9807833122929481,1.0337399361844248
190,318,0.9819265076983735,1.0343373788341657
190,319,0.9830537152362023,1.0349267181579682
190,320,0.9841651841255843,1.0355080644492543
190,321,0.9852611590527709,1.036081526352126
190,322,0.9863418802664399,1.0366472108865963
