Pressure (P),Temperature (T),Z (Pitzer),Z (PR),Z (RK)
10,273,0.9767381671908172,0.9708279476019599,0.9753888988899755
10,274,0.9770334849284033,0.9711675289624161,0.9756921320808585
10,275,0.9773246655469429,0.971502567339544,0.9759910803183978
10,276,0.9776117800147188,0.9718331394098347,0.9762858196370889
10,277,0.977894897841621,0.9721593202500601,0.9765764244157198
10,278,0.9781740871141673,0.9724811833775283,0.9768629674205591
10,279,0.9784494145295634,0.9727988007891317,0.977145519847201
10,280,0.978720945428827,0.9731122429992547,0.9774241513611515
10,281,0.9789887438290104,0.9734215790765515,0.9776989301371741
10,282,0.9792528724545434,0.9737268766796521,0.9779699228974579
10,283,0.9795133927677298,0.9740282020918326,0.9782371949486253
10,284,0.9797703649984173,0.9743256202546701,0.978500810217646
10,285,0.980023848172871,0.974619194800734,0.9787608312866807
10,286,0.9802739001418705,0.974908988085335,0.9790173194268863
10,287,0.9805205776080579,0.9751950612173655,0.9792703346312321
10,288,0.9807639361525556,0.975477474089265,0.9795199356463529
10,289,0.9810040302608788,0.9757562854061345,0.9797661800034685
10,290,0.9812409133481619,0.9760315527140262,0.980009124048409
10,291,0.9814746377837206,0.976303332427453,0.9802488229707695
10,292,0.9817052549149677,0.9765716798561087,0.9804853308322226
10,293,0.9819328150907038,0.976836649230864,0.9807187005940305
10,294,0.9821573676837996,0.9770982937290331,0.980948984143754
10,295,0.9823789611132886,0.9773566654989458,0.9811762323212212
10,296,0.9825976428658879,0.9776118156838437,0.9814004949437496
10,297,0.9828134595169619,0.9778637944451274,0.9816218208306644
10,298,0.9830264567509472,0.978112650984971,0.9818402578271253
10,299,0.983236679381254,0.9783584335683191,0.982055852827292
10,300,0.9834441713696572,0.9786011895442988,0.9822686517968451
10,301,0.9836489758451945,0.9788409653670472,0.9824786997948771
10,302,0.9838511351225842,0.979077806615992,0.9826860409951985
10,303,0.9840506907201764,0.9793117580155887,0.9828907187070333
10,304,0.9842476833774516,0.9795428634545319,0.9830927753951748
10,305,0.9844421530720794,0.9797711660044582,0.9832922526995722
10,306,0.9846341390365486,0.9799967079381737,0.9834891914544033
10,307,0.9848236797743832,0.9802195307473772,0.9836836317066213
10,308,0.9850108130759531,0.980439675159948,0.9838756127340091
10,309,0.9851955760338933,0.9806571811567664,0.9840651730627483
10,310,0.9853780050581413,0.9808720879881143,0.984252350484522
10,311,0.9855581358906031,0.9810844341896373,0.9844371820731583
10,312,0.9857360036194597,0.9812942575979129,0.9846197042008429
10,313,0.985911642693121,0.981501595365616,0.9847999525538986
10,314,0.9860850869338419,0.9817064839762905,0.9849779621481554
10,315,0.9862563695510035,0.9819089592587612,0.9851537673439059
10,316,0.9864255231540737,0.9821090564011737,0.9853274018604983
10,317,0.9865925797652546,0.9823068099646757,0.9854988987905238
10,318,0.9867575708318229,0.9825022538967755,0.9856682906136518
10,319,0.9869205272381754,0.9826954215443469,0.985835609210113
10,320,0.9870814793175845,0.9828863456663163,0.9860008858738205
10,321,0.9872404568636738,0.9830750584460506,0.9861641513251782
10,322,0.9873974891416193,0.9832615915034163,0.9863254357235469
20,273,0.9534763343816345,0.9422866263603606,0.9510072878461759
20,274,0.9540669698568066,0.9429767310322281,0.9516272597643525
20,275,0.9546493310938857,0.9436571795224487,0.9522380918234445
20,276,0.9552235600294378,0.9443281465354632,0.9528399568769266
20,277,0.9557897956832418,0.944989802759072,0.9534330236670121
20,278,0.9563481742283346,0.9456423149790554,0.9540174569448829
20,279,0.9568988290591266,0.9462858461898271,0.954593417586673
20,280,0.9574418908576541,0.9469205557012714,0.9551610627053855
20,281,0.9579774876580206,0.9475465992419336,0.9557205457589333
20,282,0.9585057449090868,0.9481641290587057,0.956272016654425
20,283,0.9590267855354595,0.9487732940131453,0.9568156218488995
20,284,0.9595407299968346,0.9493742396745668,0.9573515044465939
20,285,0.9600476963457419,0.9499671084100356,0.9578798042929393
20,286,0.9605478002837411,0.9505520394713871,0.9584006580653859
20,287,0.9610411552161159,0.951129169079376,0.9589141993611849
20,288,0.9615278723051112,0.9516986305050859,0.9594205587822531
20,289,0.9620080605217575,0.9522605541487019,0.9599198640172386
20,290,0.9624818266963239,0.9528150676157225,0.9604122399208863
20,291,0.9629492755674413,0.9533622957907519,0.9608978085908184
20,292,0.9634105098299355,0.9539023609089234,0.9613766894418114
20,293,0.9638656301814077,0.9544353826250769,0.9618489992776975
20,294,0.9643147353675992,0.9549614780807443,0.9623148523609422
20,295,0.9647579222265773,0.9554807619690497,0.9627743604800134
20,296,0.9651952857317758,0.9559933465975876,0.9632276330146141
20,297,0.9656269190339237,0.9564993419493575,0.9636747769988636
20,298,0.9660529135018945,0.9569988557418204,0.9641158971824892
20,299,0.9664733587625082,0.9574919934841636,0.9645510960901253
20,300,0.9668883427393145,0.9579788585328128,0.9649804740787635
20,301,0.9672979516903891,0.9584595521452695,0.965404129393443
20,302,0.9677022702451684,0.9589341735323368,0.9658221582212294
20,303,0.9681013814403527,0.9594028199087768,0.9662346547435499
20,304,0.9684953667549032,0.9598655865424742,0.9666417111869443
20,305,0.9688843061441587,0.9603225668021335,0.9670434178722875
20,306,0.9692682780730972,0.9607738522035824,0.9674398632625316
20,307,0.9696473595487664,0.9612195324547217,0.9678311340090311
20,308,0.9700216261519062,0.9616596954991709,0.9682173149964912
20,309,0.9703911520677867,0.9620944275586426,0.9685984893865875
20,310,0.9707560101162827,0.9625238131741066,0.96897473866031
20,311,0.9711162717812064,0.9629479352457736,0.9693461426590699
20,312,0.9714720072389192,0.9633668750719412,0.9697127796246046
20,313,0.9718232853862421,0.9637807123867385,0.9700747262377443
20,314,0.9721701738676839,0.9641895253968062,0.9704320576560514
20,315,0.972512739102007,0.9645933908169549,0.9707848475503811
20,316,0.9728510463081476,0.9649923839048229,0.9711331681404174
20,317,0.9731851595305093,0.9653865784945705,0.9714770902291825
20,318,0.9735151416636458,0.9657760470296552,0.9718166832365855
20,319,0.9738410544763506,0.9661608605946901,0.9721520152320262
20,320,0.974162958635169,0.9665410889464499,0.9724831529660891
20,321,0.9744809137273477,0.9669168005440136,0.9728101619013538
20,322,0.9747949782832386,0.9672880625781084,0.9731331062423598
30,273,0.9302145015724517,0.9145404441247905,0.9269914067471028
30,274,0.9311004547852099,0.915589694975767,0.9279403309718399
30,275,0.9319739966408286,0.9166235844562206,0.9288746447072753
30,276,0.9328353400441566,0.9176424111474506,0.9297946433652327
30,277,0.9336846935248628,0.9186464660388888,0.9307006146451839
30,278,0.9345222613425019,0.9196360327744106,0.931592838788349
30,279,0.93534824358869,0.9206113878887384,0.9324715888214685
30,280,0.9361628362864811,0.9215728010343788,0.9333371307907639
30,281,0.936966231487031,0.9225205351995897,0.934189723986552
30,282,0.9377586173636301,0.9234548469177686,0.9350296211589793
30,283,0.9385401783031893,0.9243759864687018,0.9358570687252796
30,284,0.939311094995252,0.9252841980720424,0.936672306968958
30,285,0.940071544518613,0.926179720073372,0.9374755702313007
30,286,0.9408217004256116,0.9270627851232078,0.938267087095527
30,287,0.9415617328241738,0.9279336203492589,0.939047080563963
30,288,0.9422918084576668,0.9287924475222555,0.9398157682285273
30,289,0.9430120907826363,0.9296394832156163,0.9405733624348351
30,290,0.9437227400444858,0.9304749389592688,0.9413200704402251
30,291,0.9444239133511618,0.931299021387839,0.9420560945659471
30,292,0.9451157647449033,0.9321119323834737,0.9427816323438094
30,293,0.9457984452721115,0.9329138692135519,0.9434968766574803
30,294,0.9464721030513987,0.9337050246634622,0.9442020158787208
30,295,0.9471368833398659,0.9344855871647014,0.9448972339987369
30,296,0.9477929285976637,0.9352557409184596,0.945582710754872
30,297,0.9484403785508856,0.9360156660149008,0.9462586217528399
30,298,0.9490793702528417,0.9367655385483178,0.9469251385846653
30,299,0.9497100381437622,0.9375055307283237,0.9475824289425536
30,300,0.9503325141089718,0.9382358109872528,0.9482306567288057
30,301,0.9509469275355836,0.9389565440839222,0.9488699821619835
30,302,0.9515534053677526,0.9396678912039019,0.9495005618794512
30,303,0.952152072160529,0.9403700100564356,0.9501225490364704
30,304,0.9527430501323547,0.9410630549681396,0.9507360934019364
30,305,0.953326459216238,0.9417471769736241,0.9513413414509588
30,306,0.9539024171096459,0.942422523903138,0.9519384364543417
30,307,0.9544710393231496,0.9430892404673662,0.9525275185651441
30,308,0.9550324392278593,0.9437474683394939,0.9531087249023888
30,309,0.95558672810168,0.9443973462346255,0.9536821896320693
30,310,0.9561340151744241,0.9450390099866796,0.9542480440455297
30,311,0.9566744076718097,0.9456725926228451,0.9548064166353296
30,312,0.9572080108583789,0.9462982244357003,0.9553574331686983
30,313,0.9577349280793631,0.9469160330530539,0.9559012167586498
30,314,0.9582552608015258,0.9475261435056461,0.9564378879328694
30,315,0.9587691086530103,0.9481286782927367,0.9569675647004308
30,316,0.9592765694622213,0.9487237574456803,0.9574903626164548
30,317,0.9597777392957639,0.9493114985895739,0.9580063948447406
30,318,0.9602727124954687,0.949892017003023,0.9585157722185031
30,319,0.960761581714526,0.9504654256761056,0.9590186032992283
30,320,0.9612444379527534,0.9510318353666103,0.9595149944337473
30,321,0.9617213705910215,0.951591354654584,0.9600050498095969
30,322,0.9621924674248579,0.9521440899952728,0.9604888715086943
40,273,0.906952668763269,0.8877864640742477,0.903514553753082
40,274,0.9081339397136131,0.8891996314942541,0.9048019649323331
40,275,0.9092986621877714,0.8905911759342089,0.9060686780675686
40,276,0.9104471200588754,0.8919615485165403,0.9073151408343458
40,277,0.9115795913664837,0.8933111877063078,0.9085417880779203
40,278,0.9126963484566692,0.8946405197749787,0.9097490422880015
40,279,0.9137976581182532,0.8959499592427735,0.9109373140514767
40,280,0.914883781715308,0.8972399093007734,0.9121070024844071
40,281,0.9159549753160412,0.8985107622139493,0.9132584956443823
40,282,0.9170114898181735,0.8997628997061067,0.9143921709243519
40,283,0.918053571070919,0.9009966933278003,0.9155083954289536
40,284,0.9190814599936693,0.9022125048080845,0.9166075263342359
40,285,0.9200953926914839,0.9034106863909832,0.9176899112317174
40,286,0.9210956005674822,0.9045915811574912,0.9187558884575668
40,287,0.9220823104322317,0.9057555233338481,0.9198057874077101
40,288,0.9230557446102223,0.9069028385868086,0.9208399288395763
40,289,0.9240161210435149,0.9080338443065802,0.9218586251611787
40,290,0.9249636533926476,0.9091488498780294,0.9228621807081692
40,291,0.9258985511348825,0.9102481569407804,0.9238508920094666
40,292,0.9268210196598711,0.9113320596387297,0.9248250480420486
40,293,0.9277312603628154,0.9124008448595174,0.9257849304754111
40,294,0.9286294707351983,0.9134547924644445,0.926730813906226
40,295,0.9295158444531546,0.9144941755092814,0.9276629660836682
40,296,0.9303905714635516,0.9155192604564314,0.9285816481258391
40,297,0.9312538380678475,0.9165303073788413,0.9294871147277493
40,298,0.932105827003789,0.9175275701560467,0.9303796143612177
40,299,0.9329467175250162,0.9185112966627402,0.9312593894670933
40,300,0.933776685478629,0.919481728950176,0.9321266766401424
40,301,0.9345959033807782,0.9204391034207754,0.9329817068069444
40,302,0.9354045404903367,0.9213836509962104,0.9338247053971089
40,303,0.9362027628807054,0.9223155972792874,0.9346558925081208
40,304,0.9369907335098063,0.9232351627098762,0.9354754830641028
40,305,0.9377686122883173,0.9241425627151892,0.9362836869687474
40,306,0.9385365561461945,0.9250380078546169,0.9370807092527045
40,307,0.9392947190975327,0.9259217039593906,0.9378667502156339
40,308,0.9400432523038124,0.9267938522672735,0.9386420055631837
40,309,0.9407823041355734,0.9276546495525083,0.939406666539095
40,310,0.9415120202325654,0.9285042882512151,0.940160920052642
40,311,0.9422325435624128,0.9293429565824339,0.9409049488016161
40,312,0.9429440144778385,0.9301708386649954,0.941638931391032
40,313,0.9436465707724842,0.9309881146303864,0.9423630424477321
40,314,0.9443403477353678,0.931794960731794,0.9430774527310657
40,315,0.9450254782040138,0.9325915494494554,0.9437823292398029
40,316,0.9457020926162951,0.9333780495924955,0.9444778353154357
40,317,0.9463703190610185,0.9341546263973646,0.9451641307420087
40,318,0.9470302833272916,0.934921441623035,0.9458413718426235
40,319,0.9476821089527013,0.9356786536430767,0.9465097115727514
40,320,0.9483259172703379,0.9364264175347287,0.9471692996104757
40,321,0.9489618274546953,0.937164885165088,0.9478202824437798
40,322,0.9495899565664772,0.9378942052745463,0.9484628034550147
50,273,0.8836908359540862,0.8622555372576741,0.8807928191306063
50,274,0.8851674246420165,0.8640316030495664,0.8824236429855441
50,275,0.8866233277347143,0.8657793563315132,0.8840271454533082
50,276,0.8880589000735943,0.8674994279848817,0.885603956717226
50,277,0.8894744892081047,0.8691924295314052,0.8871546872525871
50,278,0.8908704355708366,0.8708589539220838,0.8886799286362614
50,279,0.8922470726478166,0.8724995762852226,0.8901802543142723
50,280,0.8936047271441351,0.8741148546361722,0.8916562203299807
50,281,0.8949437191450516,0.8757053305511809,0.8931083660153398
50,282,0.8962643622727169,0.8772715298075484,0.8945372146474921
50,283,0.8975669638386486,0.8788139629921543,0.8959432740728381
50,284,0.8988518249920866,0.8803331260802743,0.8973270373005224
50,285,0.9001192408643549,0.881829500986413,0.8986889830671614
50,286,0.9013695007093527,0.8833035560888554,0.9000295763745243
50,287,0.9026028880402895,0.8847557467294179,0.9013492690017
50,288,0.903819680762778,0.8861865156898705,0.9026484999932893
50,289,0.9050201513043936,0.8875962936463211,0.9039276961249099
50,290,0.9062045667408096,0.8889854996028219,0.90518727234736
50,291,0.9073731889186031,0.890354541305362,0.9064276322105806
50,292,0.9085262745748388,0.8917038156373098,0.9076491682685677
50,293,0.9096640754535191,0.8930337089973271,0.9088522624662514
50,294,0.9107868384189979,0.8943445976607112,0.9100372865093294
50,295,0.9118948055664432,0.8956368481250175,0.911204602217953
50,296,0.9129882143294396,0.8969108174408379,0.9123545618651445
50,297,0.9140672975848092,0.8981668535284824,0.9134875085007168
50,298,0.9151322837547362,0.8994052954812964,0.9146037762614652
50,299,0.9161833969062703,0.9006264738563148,0.9157036906683436
50,300,0.9172208568482862,0.9018307109528814,0.9167875689112619
50,301,0.9182448792259728,0.9030183210798466,0.9178557201221571
50,302,0.919255675612921,0.9041896108119162,0.918908445636907
50,303,0.9202534536008817,0.9053448792356741,0.919946039246635
50,304,0.9212384168872579,0.9064844181857986,0.9209687874389476
50,305,0.9222107653603967,0.9076085124719379,0.921976969629567
50,306,0.923170695182743,0.9087174400966983,0.9229708583848297
50,307,0.9241183988719159,0.9098114724651675,0.9239507196355092
50,308,0.9250540653797654,0.9108908745863626,0.9249168128823271
50,309,0.9259778801694667,0.9119559052670029,0.9258693913935898
50,310,0.9268900252907067,0.9130068172979353,0.9268087023952749
50,311,0.927790679453016,0.9140438576335688,0.9277349872539584
50,312,0.9286800180972982,0.9150672675646294,0.9286484816528568
50,313,0.9295582134656053,0.9160772828845442,0.9295494157613513
50,314,0.9304254346692097,0.9170741340497166,0.9304380143982325
50,315,0.9312818477550173,0.9180580463339952,0.9313144971890013
50,316,0.9321276157703688,0.9190292399775822,0.9321790787174262
50,317,0.9329628988262731,0.919987930330592,0.9330319686716733
50,318,0.9337878541591145,0.9209343279915505,0.9338733719851777
50,319,0.9346026361908766,0.9218686389409984,0.934703488972555
50,320,0.9354073965879224,0.9227910646704378,0.9355225154606897
50,321,0.936202284318369,0.9237018023068018,0.9363306429152718
50,322,0.9369874457080964,0.9246010447326541,0.9371280585629185
60,273,0.8604290031449033,0.8382095407694161,0.8590883702953904
60,274,0.8622009095704197,0.840339486490099,0.8610604514977043
60,275,0.8639479932816572,0.842434260774392,0.8629982633706546
60,276,0.8656706800883132,0.8444946923241942,0.8649026421338857
60,277,0.8673693870497257,0.8465215824822208,0.8667743958559049
60,278,0.8690445226850039,0.8485157064426074,0.868614305711773
60,279,0.8706964871773799,0.8504778143933093,0.8704231271695535
60,280,0.8723256725729621,0.8524086325949553,0.8722015911104402
60,281,0.8739324629740619,0.8543088644004541,0.8739504048870752
60,282,0.8755172347272603,0.856179191219341,0.8756702533241751
60,283,0.8770803566063785,0.8580202734304627,0.8773617996653034
60,284,0.8786221899905039,0.8598327512464102,0.8790256864693045
60,285,0.8801430890372258,0.861617245532779,0.880662536459655
60,286,0.8816434008512233,0.8633743585851428,0.8822729533297251
60,287,0.8831234656483475,0.8651046748663924,0.8838575225067522
60,288,0.8845836169153336,0.8668087617069002,0.8854168118770618
60,289,0.8860241815652724,0.8684871699697919,0.88695137247497
60,290,0.8874454800889715,0.870140434683452,0.8884617391375418
60,291,0.8888478267023238,0.8717690756432073,0.8899484311272696
60,292,0.8902315294898066,0.8733735979840431,0.8914119527245892
60,293,0.891596890544223,0.8749544927260245,0.8928527937920019
60,294,0.8929442061027975,0.8765122372940282,0.8942714303114505
60,295,0.8942737666797318,0.8780472960132414,0.8956683248965014
60,296,0.8955858571953275,0.8795601205818091,0.8970439272807487
60,297,0.8968807571017711,0.8810511505219223,0.898398674783806
60,298,0.8981587405056835,0.882520813610524,0.8997329927560982
60,299,0.8994200762875244,0.883969526290771,0.9010472950036701
60,300,0.9006650282179435,0.8853976940652926,0.9023419841940519
60,301,0.9018938550711674,0.8868057118722227,0.9036174522442517
60,302,0.9031068107355051,0.8881939644449268,0.904874080691791
60,303,0.9043041443210581,0.8895628266562872,0.9061122410497064
60,304,0.9054861002647095,0.8909126638483391,0.9073322951463623
60,305,0.906652918432476,0.8922438321480439,0.9085345954508266
60,306,0.9078048342192916,0.893556678769867,0.9097194853845962
60,307,0.9089420786462992,0.8948515423058767,0.9108872996203514
60,308,0.9100648784557186,0.8961287530039488,0.9120383643683649
60,309,0.9111734562033601,0.8973886330347014,0.9131729976512297
60,310,0.9122680303488481,0.8986314967476943,0.9142915095674575
60,311,0.9133488153436192,0.8998576509174294,0.9153942025444801
60,312,0.9144160217167577,0.901067394979631,0.9164813715816136
60,313,0.9154698561587263,0.9022610212583001,0.917553304483409
60,314,0.9165105216030516,0.903438815183942,0.9186102820839077
60,315,0.9175382173060208,0.9046010555034194,0.9196525784621794
60,316,0.9185531389244427,0.9057480144818002,0.9206804611495962
60,317,0.9195554785915279,0.9068799580965721,0.9216941913291858
60,318,0.9205454249909374,0.9079971462245856,0.9226940240274641
60,319,0.9215231634290519,0.9090998328220482,0.9236802082990683
60,320,0.9224888759055069,0.9101882660978745,0.9246529874045253
60,321,0.923442741182043,0.9112626886807105,0.9256125989814541
60,322,0.9243849348497157,0.9123233377798863,0.9265592752095202
70,273,0.8371671703357206,0.8159326141936647,0.838707456583702
70,274,0.839234394498823,0.8183972605441072,0.8410087458738507
70,275,0.8412726588286,0.8208201181899206,0.8432688792772902
70,276,0.843282460103032,0.8232022117161379,0.8454889041151741
70,277,0.8452642848913465,0.8255445302246915,0.8476698306211614
70,278,0.8472186097991712,0.8278480289815786,0.8498126336860723
70,279,0.8491459017069432,0.8301136309671779,0.8519182544990436
70,280,0.8510466180017892,0.8323422283366384,0.8539876020925639
70,281,0.8529212068030722,0.8345346837966141,0.8560215547981926
70,282,0.8547701071818037,0.8366918319041194,0.8580209616191694
70,283,0.8565937493741083,0.8388144802928506,0.8599866435256569
70,284,0.8583925549889213,0.840903410831856,0.8619193946778505
70,285,0.8601669372100968,0.8429593807210496,0.8638199835818365
70,286,0.8619173009930939,0.8449831235277705,0.8656891541826364
70,287,0.8636440432564054,0.8469753501681822,0.8675276268985634
70,288,0.8653475530678891,0.8489367498370938,0.8693360996007182
70,289,0.8670282118261512,0.8508679908894695,0.8711152485410989
70,290,0.8686863934371334,0.8527697216766643,0.8728657292326278
70,291,0.8703224644860443,0.8546425713402148,0.874588177284074
70,292,0.8719367844047743,0.8564871505657773,0.876283209192668
70,293,0.8735297056349268,0.8583040522996449,0.8779514230970227
70,294,0.875101573786597,0.8600938524300957,0.8795933994927394
70,295,0.8766527277930205,0.8618571104356623,0.8812097019129421
70,296,0.8781835000612154,0.8635943700022622,0.8828008775758271
70,297,0.8796942166187329,0.8653061596110175,0.8843674580011514
70,298,0.8811851972566307,0.866992993098432,0.8859099595974635
70,299,0.8826567556687784,0.8686553701905152,0.8874288842217593
70,300,0.8841091995876007,0.8702937770123189,0.8889247197131287
70,301,0.8855428309163619,0.8719086865742676,0.8903979404018489
70,302,0.8869579458580893,0.873500559236529,0.8918490075952963
70,303,0.8883548350412344,0.875069843152688,0.8932783700419598
70,304,0.889733783642161,0.8766169746937739,0.8946864643747303
70,305,0.8910950715045554,0.8781423788537583,0.8960737155346024
70,306,0.8924389732558402,0.8796464696374651,0.8974405371758296
70,307,0.8937657584206823,0.8811296504318166,0.8987873320535227
70,308,0.8950756915316717,0.8825923143613277,0.9001144923945763
70,309,0.8963690322372534,0.8840348446286017,0.9014224002528604
70,310,0.8976460354069894,0.8854576148406342,0.9027114278493948
70,311,0.8989069512342225,0.8868609893216223,0.9039819378983565
70,312,0.9001520253362174,0.8882453234129709,0.9052342839195731
70,313,0.9013814988518474,0.8896109637611216,0.9064688105382179
70,314,0.9025956085368936,0.8909582485937972,0.9076858537723067
70,315,0.9037945868570243,0.8922875079852464,0.9088857413086424
70,316,0.9049786620785164,0.8935990641110061,0.910068792767704
70,317,0.9061480583567825,0.8948932314926743,0.9112353199580869
70,318,0.9073029958227603,0.8961703172332011,0.9123856271209199
70,319,0.9084436906672273,0.8974306212430988,0.9135200111648076
70,320,0.9095703552230914,0.8986744364580315,0.9146387618916749
70,321,0.9106831980457167,0.8999020490481697,0.9157421622139925
70,322,0.9117824239913351,0.9011137386196767,0.9168304883637373
80,273,0.8139053375265379,0.7957146910765833,0.8199896181485666
80,274,0.8162678794272263,0.7984831456243957,0.8225955416862301
80,275,0.8185973243755429,0.8012039827068398,0.825154058326601
80,276,0.8208942401177509,0.8038783896877391,0.8276663987220461
80,277,0.8231591827329675,0.8065075123474681,0.8301337492950978
80,278,0.8253926969133385,0.8090924568067241,0.8325572543204216
80,279,0.8275953162365065,0.8116342913400236,0.8349380178857992
80,280,0.8297675634306162,0.8141340480863222,0.8372771057403952
80,281,0.8319099506320825,0.8165927246636047,0.8395755470378865
80,282,0.834022979636347,0.8190112856938214,0.8418343359814957
80,283,0.836107142141838,0.8213906642440103,0.8440544333774245
80,284,0.8381629199873386,0.8237317631890686,0.8462367681026912
80,285,0.8401907853829678,0.826035456501188,0.8483822384929556
80,286,0.8421912011349645,0.8283025904706569,0.8504917136554657
80,287,0.8441646208644633,0.8305339848623299,0.8525660347119408
80,288,0.8461114892204447,0.8327304340118111,0.8546060159757676
80,289,0.8480322420870299,0.834892707865073,0.8566124460676932
80,290,0.8499273067852953,0.837021552964996,0.8585860889737673
80,291,0.851797102269765,0.8391176933880262,0.8605276850491266
80,292,0.8536420393197421,0.8411818316340018,0.8624379519708973
80,293,0.8554625207256307,0.8432146494718993,0.8643175856433041
80,294,0.8572589414703966,0.8452168087441292,0.8661672610578097
80,295,0.8590316889063091,0.8471889521317946,0.8679876331109848
80,296,0.8607811429271033,0.8491317038831891,0.8697793373825615
80,297,0.8625076761356948,0.8510456705076415,0.871542990875988
80,298,0.8642116540075779,0.8529314414366733,0.8732791927236421
80,299,0.8658934350500325,0.8547895896543225,0.8749885248587284
80,300,0.867553370957258,0.8566206722983496,0.87667155265573
80,301,0.8691918067615565,0.8584252312339431,0.8783288255411636
80,302,0.8708090809806736,0.8602037936014311,0.8799608775763212
80,303,0.8724055257614107,0.8619568723394082,0.8815682280134907
80,304,0.8739814670196127,0.8636849666846078,0.8831513818271326
80,305,0.8755372245766346,0.8653885626497632,0.884710830221356
80,306,0.8770731122923888,0.8670681334806041,0.8862470511149452
80,307,0.8785894381950654,0.8687241400931109,0.8877605096051557
80,308,0.8800865046076247,0.8703570314920256,0.8892516584113574
80,309,0.8815646082711468,0.8719672451716007,0.890720938299608
80,310,0.8830240404651308,0.8735552074994909,0.8921687784891179
80,311,0.8844650871248256,0.8751213340846344,0.8935955970415419
80,312,0.885888028955677,0.8766660301299244,0.8950018012339631
80,313,0.8872931415449684,0.8781896907704458,0.8963877879163971
80,314,0.8886806954707355,0.8796927013979685,0.8977539438545719
80,315,0.8900509564080277,0.8811754379723683,0.899100646058731
80,316,0.8914041852325902,0.8826382673206375,0.9004282620991222
80,317,0.8927406381220371,0.8840815474240442,0.9017371504088352
80,318,0.8940605666545832,0.8855056276940227,0.9030276605745902
80,319,0.8953642179054025,0.8869108492373353,0.9043001336160548
80,320,0.8966518345406758,0.8882975451109986,0.905554902254232
80,321,0.8979236549093906,0.889666040567437,0.9067922911694242
80,322,0.8991799131329544,0.8910166532903523,0.9080126172492742
90,273,0.7906435047173551,0.7778272639158859,0.8032851604109683
90,274,0.7933013643556296,0.7808566746509011,0.8061570483614824
90,275,0.7959219899224858,0.783834032106058,0.8089766194202319
90,276,0.7985060201324697,0.786760616361394,0.8117452161476741
90,277,0.8010540805745885,0.789637664529415,0.8144641347643928
90,278,0.8035667840275058,0.7924663725680485,0.8171346271416131
90,279,0.8060447307660699,0.7952478970067001,0.8197579026953257
90,280,0.8084885088594431,0.797983356589453,0.8223351301885062
90,281,0.8108986944610928,0.8006738338393398,0.8248674394457638
90,282,0.8132758520908904,0.8033203765475292,0.8273559229847216
90,283,0.8156205349095677,0.8059239991911162,0.8298016375682031
90,284,0.8179332849857559,0.8084856842831012,0.8322056056812406
90,285,0.8202146335558388,0.8110063836579835,0.8345688169367111
90,286,0.822465101276835,0.8134870196962325,0.8368922294132533
90,287,0.8246851984725213,0.815928486490787,0.839176770928991
90,288,0.8268754253730003,0.8183316509585639,0.8414233402543634
90,289,0.8290362723479086,0.8206973538998295,0.8436328082672693
90,290,0.8311682201334573,0.8230264110080956,0.8458060190535088
90,291,0.8332717400534856,0.8253196138331678,0.8479437909554306
90,292,0.8353472942347099,0.8275777306997085,0.8500469175714425
90,293,0.8373953358163345,0.82980150758368,0.8521161687090126
90,294,0.8394163091541962,0.8319916689487954,0.8541522912935549
90,295,0.8414106500195977,0.834148918545087,0.8561560102355239
90,296,0.8433787857929912,0.8362739401715105,0.858128029257885
90,297,0.8453211356526567,0.8383673984044535,0.8600690316860298
90,298,0.8472381107585252,0.8404299392938859,0.8619796812020644
90,299,0.8491301144312866,0.8424621910287946,0.8638606225653294
90,300,0.8509975423269152,0.844464764573478,0.8657124823008702
90,301,0.852840782606751,0.8464382542761664,0.8675358693574959
90,302,0.8546602161032577,0.8483832384513506,0.8693313757369985
90,303,0.8564562164815871,0.8503002799371575,0.8710995770959646
90,304,0.8582291503970643,0.8521899266289861,0.8728410333215766
90,305,0.859979377648714,0.8540527119906132,0.8745562890827003
90,306,0.8617072513289374,0.8558891555438466,0.8762458743575146
90,307,0.8634131179694486,0.8576997633378063,0.877910304938804
90,308,0.8650973176835779,0.8594850283987929,0.8795500829180514
90,309,0.8667601843050401,0.8612454311617177,0.8811656971493593
90,310,0.8684020455232722,0.8629814398839613,0.8827576236941714
90,311,0.8700232230154288,0.8646935110424925,0.8843263262477452
90,312,0.8716240325751367,0.8663820897150745,0.8858722565482247
90,313,0.8732047842380894,0.8680476099462691,0.887395854769184
90,314,0.8747657824045775,0.8696904950989979,0.8888975498963854
90,315,0.8763073259590312,0.8713111581922817,0.8903777600895233
90,316,0.877829708386664,0.8729100022258494,0.8918368930296512
90,317,0.8793332178872917,0.874487420492182,0.8932753462529679
90,318,0.8808181374864061,0.8760437968765904,0.8946935074715607
90,319,0.8822847451435779,0.8775795061458502,0.8960917548817626
90,320,0.8837333138582603,0.8790949142259299,0.8974704574606247
90,321,0.8851641117730644,0.880590378469289,0.898829975251102
90,322,0.8865774022745737,0.8820662479122067,0.9001706596364094
100,273,0.7673816719081723,0.7624942757914379,0.7889208711338274
100,274,0.7703348492840328,0.765731462125814,0.7920064657781181
100,275,0.7732466554694286,0.7689140767566311,0.7950368606069742
100,276,0.7761178001471886,0.7720433913296371,0.7980133971564647
100,277,0.7789489784162094,0.7751206399569242,0.8009373764372454
100,278,0.781740871141673,0.7781470203764307,0.8038100601830644
100,279,0.7844941452956331,0.7811236950965919,0.8066326720872428
100,280,0.7872094542882702,0.784051792522015,0.8094063990218658
100,281,0.7898874382901031,0.7869324080569786,0.8121323922354915
100,282,0.7925287245454338,0.7897666051842049,0.8148117685260963
100,283,0.7951339276772974,0.7925554165170718,0.8174456113867203
100,284,0.7977036499841732,0.7952998448238311,0.8200349721219609
100,285,0.8002384817287098,0.7980008640229275,0.8225808709339073
100,286,0.8027390014187056,0.8006594201488,0.8250842979766468
100,287,0.8052057760805792,0.8032764322878727,0.8275462143787835
100,288,0.8076393615255559,0.8058527934846744,0.8299675532337185
100,289,0.8100403026087873,0.8083893716182244,0.8323492205577028
100,290,0.8124091334816191,0.810887010248986,0.8346920962158784
100,291,0.8147463778372062,0.8133465294368174,0.8369970348166824
100,292,0.8170525491496776,0.8157687265304543,0.8392648665751012
100,293,0.8193281509070383,0.8181543769291193,0.8414963981454129
100,294,0.8215736768379958,0.8205042348169784,0.8436924134240882
100,295,0.8237896111328864,0.8228190338710988,0.8458536743236102
100,296,0.8259764286588791,0.8250994879437259,0.8479809215180263
100,297,0.8281345951696184,0.8273462917196257,0.8500748751610292
100,298,0.8302645675094724,0.829560121349274,0.8521362355774584
100,299,0.8323667938125406,0.8317416350587192,0.8541656839290568
100,300,0.8344417136965725,0.8338914737368819,0.8561638828553615
100,301,0.8364897584519455,0.8360102615011018,0.8581314770905957
100,302,0.8385113512258419,0.8380986062417095,0.8600690940573996
100,303,0.8405069072017634,0.8401571001463719,0.8619773444382701
100,304,0.8424768337745159,0.8421863202049937,0.8638568227255239
100,305,0.8444215307207933,0.8441868286958778,0.8657081077505779
100,306,0.846341390365486,0.8461591736538825,0.8675317631933843
100,307,0.8482367977438319,0.848103889321254,0.8693283380727337
100,308,0.8501081307595308,0.8500214965818238,0.8710983672182115
100,309,0.8519557603389334,0.8519125033791963,0.8728423717245188
100,310,0.8537800505814135,0.8537774051195968,0.874560859388845
100,311,0.855581358906032,0.8556166850599414,0.8762543251319943
100,312,0.8573600361945963,0.8574308146817469,0.8779232514038833
100,313,0.8591164269312105,0.8592202540514491,0.8795681085740743
100,314,0.8608508693384194,0.8609854521676314,0.8811893553079
100,315,0.8625636955100346,0.8627268472957459,0.8827874389288188
100,316,0.8642552315407378,0.8644448672907648,0.8843627957675102
100,317,0.8659257976525463,0.8661399299083048,0.8859158514982555
100,318,0.8675757083182289,0.8678124431046397,0.8874470214631489
100,319,0.8692052723817532,0.86946280532607,0.8889567109845848
100,320,0.8708147931758448,0.8710914057880654,0.8904453156665262
100,321,0.8724045686367382,0.8726986247445938,0.8919132216850016
100,322,0.873974891416193,0.874284833748016,0.8933608060682561
110,273,0.7441198390989896,0.7498642956413137,0.7771592659946684
110,274,0.7473683342124362,0.7532493369365952,0.7803959530976288
110,275,0.7505713210163716,0.7565794968636523,0.7835770383517076
110,276,0.7537295801619075,0.7598559257550785,0.7867037291016583
110,277,0.7568438762578303,0.7630797488470658,0.7897772065189665
110,278,0.7599149582558404,0.7662520663026794,0.7927986255077735
110,279,0.7629435598251963,0.7693739533262477,0.7957691147255346
110,280,0.7659303997170972,0.7724464603545393,0.7986897767009342
110,281,0.7688761821191133,0.775470613312321,0.8015616880338605
110,282,0.7717815969999772,0.7784474139214612,0.8043858996641389
110,283,0.7746473204450272,0.7813778400542288,0.8071634371975325
110,284,0.7774740149825905,0.7842628461226264,0.8098953012789682
110,285,0.7802623299015807,0.7871033634967266,0.8125824680042983
110,286,0.7830129015605761,0.7899003009459148,0.815225889363071
110,287,0.7857263536886372,0.7926545450977723,0.8178264937057849
110,288,0.7884032976781115,0.7953669609100866,0.8203851862300129
110,289,0.7910443328696661,0.7980383921520808,0.8229028494805362
110,290,0.793650046829781,0.8006696618915063,0.8253803438593219
110,291,0.7962210156209268,0.8032615729847795,0.8278185081417622
110,292,0.7987578040646454,0.8058149085676998,0.8302181599961393
110,293,0.8012609659977421,0.8083304325446803,0.8325800965036676
110,294,0.8037310445217953,0.8108088900747722,0.8349050946769552
110,295,0.8061685722461751,0.81325100805298,0.8371939119749561
110,296,0.808574071524767,0.8156574955856783,0.8394472868129068
110,297,0.8109480546865804,0.81802904445909,0.8416659390658827
110,298,0.8132910242604197,0.8203663296000068,0.8438505705649331
110,299,0.8156034731937947,0.8226700095280899,0.846001865584876
110,300,0.8178858850662297,0.8249407267991948,0.8481204913230591
110,301,0.82013873429714,0.8271791084393263,0.8502070983685153
110,302,0.8223624863484261,0.8293857663688928,0.8522623211610525
110,303,0.8245575979219397,0.8315612978170617,0.8542867784399726
110,304,0.8267245171519675,0.8337062857260227,0.85628107368216
110,305,0.8288636837928727,0.8358212991451359,0.8582457955293976
110,306,0.8309755294020347,0.8379068936148757,0.8601815182048274
110,307,0.833060477518215,0.839963611540635,0.8620888019185067
110,308,0.835118943835484,0.8419919825564195,0.8639681932621066
110,309,0.8371513363728268,0.8439925238785417,0.865820225592814
110,310,0.8391580556395548,0.8459657406494339,0.8676454194065335
110,311,0.8411394947966353,0.8479121262717051,0.8694442827005213
110,312,0.8430960398140559,0.8498321627326411,0.8712173113256092
110,313,0.8450280696243315,0.851726320919276,0.8729649893282156
110,314,0.8469359562722613,0.8535950609242906,0.874687789282296
110,315,0.8488200650610381,0.8554388323428694,0.8763861726114806
110,316,0.8506807546948115,0.8572580745607825,0.8780605899016012
110,317,0.852518377417801,0.8590532170338674,0.8797114812038167
110,318,0.8543332791500519,0.8608246795591525,0.8813392763286114
110,319,0.8561257996199285,0.8625728725378239,0.8829443951308407
110,320,0.8578962724934293,0.8642981972302659,0.8845272477861208
110,321,0.859645025500412,0.8660010460033944,0.8860882350587509
110,322,0.8613723805578123,0.8676818025705002,0.8876277485614539
120,273,0.7208580062898068,0.7399916558052411,0.7681620223820156
120,274,0.7244018191408395,0.743462806096632,0.7714824675270182
120,275,0.7278959865633143,0.7468809363955111,0.7747494357093441
120,276,0.7313413601766263,0.7502469776090772,0.7779638816939147
120,277,0.7347387740994513,0.7535618527551379,0.7811267542155129
120,278,0.7380890453700077,0.7568264756656079,0.7842389943367878
120,279,0.7413929743547597,0.7600417498816149,0.7873015340362506
120,280,0.7446513451459242,0.7632085677189002,0.7903152950013934
120,281,0.7478649259481237,0.7663278094843317,0.7932811876044643
120,282,0.7510344694545206,0.7694003428263959,0.7962001100406602
120,283,0.7541607132127569,0.7724270222042642,0.7990729476105818
120,284,0.7572443799810078,0.7754086884616493,0.8019005721306023
120,285,0.7602861780744518,0.7783461684932004,0.8046838414564716
120,286,0.7632868017024467,0.7812402749923749,0.8074235991070491
120,287,0.7662469312966951,0.7840918062709825,0.8101206739763696
120,288,0.7691672338306671,0.7869015461416666,0.812775880123525
120,289,0.7720483631305448,0.7896702638554486,0.8153900166309405
120,290,0.774890960177943,0.792398714087414,0.8179638675226357
120,291,0.7776956534046475,0.7950876369643154,0.8204982017349645
120,292,0.7804630589796131,0.797737758128559,0.822993773133122
120,293,0.783193781088446,0.8003497888336786,0.8254513205674683
120,294,0.7858884122055949,0.802924426066916,0.8278715679643229
120,295,0.7885475333594637,0.8054623526950304,0.8302552244465247
120,296,0.7911717143906549,0.807964237629895,0.8326029844795191
120,297,0.7937615142035421,0.8104307360108255,0.8349155280392535
120,298,0.796317481011367,0.8128624894009187,0.8371935207985404
120,299,0.7988401525750488,0.8152601259950393,0.8394376143289595
120,300,0.801330056435887,0.817624260837297,0.8416484463156773
120,301,0.8037877101423346,0.8199554960461704,0.8438266407828672
120,302,0.8062136214710103,0.8222544210456134,0.8459728083277176
120,303,0.8086082886421161,0.8245216128006977,0.8480875463611737
120,304,0.8109722005294191,0.8267576360565159,0.8501714393538895
120,305,0.8133058368649521,0.8289630435792101,0.8522250590859244
120,306,0.8156096684385832,0.8311383763981616,0.8542489648990157
120,307,0.8178841572925982,0.8332841640484838,0.8562437039503101
120,308,0.8201297569114371,0.8354009248130414,0.8582098114666301
120,309,0.8223469124067202,0.8374891659634129,0.8601478109984595
120,310,0.8245360606976961,0.8395493839991465,0.8620582146729228
120,311,0.8266976306872384,0.8415820648849145,0.8639415234451557
120,312,0.8288320434335156,0.8435876842850999,0.8657982273475231
120,313,0.8309397123174527,0.8455667077954689,0.8676288057362376
120,314,0.8330210432061033,0.84751959117166,0.8694337275349817
120,315,0.8350764346120416,0.8494467805542011,0.871213451475213
120,316,0.8371062778488854,0.8513487126898854,0.8729684263328727
120,317,0.8391109571830556,0.8532258151493093,0.8746990911612629
120,318,0.8410908499818748,0.8550785065404639,0.8764058755199111
120,319,0.8430463268581039,0.8569071967182351,0.8780891996992761
120,320,0.8449777518110138,0.8587122869897936,0.8797494749411623
120,321,0.8468854823640859,0.860494170315752,0.8813871036547605
120,322,0.8487698696994316,0.8622532315071008,0.8830024796282534
130,273,0.697596173480624,0.7328322840452862,0.7619695207508279
130,274,0.7014353040692427,0.7363310407347093,0.7653083046222835
130,275,0.7052206521102573,0.7397804573691327,0.7685978717781721
130,276,0.7089531401913451,0.743181183906473,0.7718388525828881
130,277,0.7126336719410722,0.7465338806238588,0.7750318922493444
130,278,0.716263132484175,0.7498392157069473,0.778177647976005
130,279,0.7198423888843231,0.7530978630864142,0.7812767863640657
130,280,0.7233722905747513,0.7563105005001072,0.784329981092021
130,281,0.726853669777134,0.7594778077609393,0.7873379108262597
130,282,0.7302873419090639,0.7626004652121204,0.790301257347727
130,283,0.7336741059804867,0.7656791523527177,0.7932207038761128
130,284,0.7370147449794251,0.7687145466180045,0.7960969335742769
130,285,0.7403100262473227,0.7717073223001945,0.7989306282170143
130,286,0.7435607018443172,0.7746581495964896,0.801722467009353
130,287,0.746767508904753,0.7775676937723953,0.8044731255408697
130,288,0.7499311699832227,0.7804366144293028,0.8071832748634846
130,289,0.7530523933914236,0.7832655648663602,0.809853580681307
130,290,0.7561318735261049,0.7860551915274261,0.8124847026419706
130,291,0.759170291188368,0.7888061335248253,0.8150772937198936
130,292,0.762168313894581,0.7915190222322949,0.8176319996825958
130,293,0.7651265961791498,0.7941944809402257,0.8201494586320868
130,294,0.7680457798893945,0.7968331245669463,0.8226303006139546
130,295,0.7709264944727523,0.7994355594203307,0.8250751472874895
130,296,0.7737693572565428,0.8020023830045794,0.8274846116507306
130,297,0.776574973720504,0.8045341838674746,0.8298592978149189
130,298,0.7793439377623143,0.8070315414838705,0.8321998008232856
130,299,0.7820768319563028,0.8094950261715426,0.8345067065096097
130,300,0.7847742278055443,0.8119251990359334,0.8367805913923911
130,301,0.7874366859875291,0.8143226119406131,0.8390220226008425
130,302,0.7900647565935944,0.8166878075006097,0.8412315578292839
130,303,0.7926589793622925,0.8190213190960118,0.843409745316849
130,304,0.7952198839068706,0.8213236709035193,0.8455571238496553
130,305,0.7977479899370313,0.8235953779438232,0.8476742227829166
130,306,0.8002438074751318,0.8258369461428996,0.8497615620806902
130,307,0.8027078370669813,0.8280488724055113,0.8518196523711603
130,308,0.8051405699873901,0.8302316446993512,0.853848995015575
130,309,0.8075424884406135,0.8323857421484377,0.8558500821891493
130,310,0.8099140657558375,0.8345116351344878,0.8578233969723745
130,311,0.8122557665778416,0.8366097854051521,0.859769413451366
130,312,0.8145680470529751,0.8386806461880654,0.8616885968259771
130,313,0.8168513550105736,0.8407246623098191,0.8635814035245821
130,314,0.8191061301399452,0.8427422703190015,0.865448281324487
130,315,0.821332804163045,0.8447338986126065,0.8672896694770718
130,316,0.8235318010029591,0.8466999675651088,0.8691059988368441
130,317,0.8257035369483102,0.8486408896596265,0.8708976919936586
130,318,0.8278484208136977,0.8505570696206475,0.8726651634074594
130,319,0.8299668540962792,0.8524489045478476,0.8744088195449531
130,320,0.8320592311285981,0.8543167840505453,0.8761290590176616
130,321,0.8341259392277597,0.8561610903824725,0.8778262727209243
130,322,0.8361673588410509,0.8579821985764782,0.8795008439733947
140,273,0.6743343406714413,0.7282550052056392,0.7585031368558328
140,274,0.6784687889976461,0.7317301403731842,0.7618025237313091
140,275,0.6825453176572001,0.7351608825928485,0.7650584002199949
140,276,0.686564920206064,0.7385475839664415,0.7682710594169693
140,277,0.6905285697826932,0.7418906225097882,0.7714408260781105
140,278,0.6944372195983423,0.7451903991049134,0.7745680532048045
140,279,0.6982918034138863,0.7484473346953218,0.7776531188802596
140,280,0.7020932360035783,0.7516618677089555,0.7806964233443443
140,281,0.7058424136061443,0.7548344516939974,0.783698386293856
140,282,0.7095402143636073,0.7579655531531152,0.7866594443950683
140,283,0.7131874987482164,0.7610556495623892,0.7895800489956979
140,284,0.7167851099778425,0.7641052275617897,0.7924606640236909
140,285,0.7203338744201937,0.7671147813047605,0.7953017640606288
140,286,0.7238346019861879,0.7700848109550941,0.7981038325780234
140,287,0.7272880865128108,0.773015821320036,0.8008673603252674
140,288,0.7306951061357783,0.7759083206091826,0.8035928438585196
140,289,0.7340564236523024,0.7787628193093944,0.8062807842003732
140,290,0.7373727868742668,0.7815798291666212,0.8089316856206941
140,291,0.7406449289720887,0.7843598622661216,0.8115460545295929
140,292,0.7438735688095487,0.787103430203167,0.8141243984739925
140,293,0.7470594112698536,0.7898110433368515,0.8166672252298373
140,294,0.7502031475731941,0.7924832101202061,0.8191750419824804
140,295,0.753305455586041,0.7951204365002814,0.8216483545882658
140,296,0.7563670001224307,0.7977232253823507,0.8240876669108488
140,297,0.7593884332374659,0.8002920761528171,0.8264934802261832
140,298,0.7623703945132615,0.8028274842558506,0.8288662926905928
140,299,0.7653135113375569,0.805329940819119,0.8312065988667077
140,300,0.7682183991752015,0.8077999323243953,0.8335148893024671
140,301,0.7710856618327238,0.810237940319112,0.8357916501587026
140,302,0.7739158917161787,0.8126444411652691,0.8380373628812086
140,303,0.7767096700824687,0.8150199058223944,0.8402525039134416
140,304,0.7794675672843222,0.8173647996614853,0.8424375444464114
140,305,0.7821901430091107,0.8196795823071773,0.8445929502024343
140,306,0.7848779465116804,0.8219647075055321,0.8467191812498167
140,307,0.7875315168413646,0.8242206230151128,0.8488166918457141
140,308,0.7901513830633433,0.8264477705191854,0.850885930304613
140,309,0.7927380644745069,0.8286465855570413,0.8529273388901208
140,310,0.7952920708139788,0.8308174974726605,0.8549413537279129
140,311,0.7978139024684449,0.8329609293790239,0.8569284047378947
140,312,0.8003040506724348,0.8350772981365444,0.8588889155837394
140,313,0.8027629977036947,0.8371670143442634,0.8608233036381718
140,314,0.8051912170737872,0.8392304823424813,0.8627319799624646
140,315,0.8075891737140485,0.8412681002256961,0.8646153492987598
140,316,0.8099573241570329,0.8432802598647585,0.8664738100739191
140,317,0.8122961167135649,0.8452673469372822,0.868307754413771
140,318,0.8146059916455206,0.8472297409654003,0.8701175681666447
140,319,0.8168873813344545,0.8491678153600752,0.8719036309352317
140,320,0.8191407104461828,0.8510819374711969,0.873666316115872
140,321,0.8213663960914336,0.8529724686428067,0.8754059909444396
140,322,0.8235648479826702,0.8548397642728254,0.877123016548103
150,273,0.6510725078622585,0.7260638953140037,0.7575878173239103
150,274,0.6555022739260492,0.729473755453092,0.760801300593686
150,275,0.6598699832041429,0.7328448408096191,0.7639776626928942
150,276,0.6641767002207829,0.7361772269749463,0.7671168957696703
150,277,0.6684234676243141,0.7394710262825077,0.7702190338695418
150,278,0.6726113067125096,0.7427263846515634,0.7732841496380656
150,279,0.6767412179434497,0.7459434786238124,0.7763123511960519
150,280,0.6808141814324054,0.749122512586376,0.7793037791855482
150,281,0.6848311574351547,0.7522637161741026,0.7822586039836037
150,282,0.6887930868181507,0.7553673418436412,0.7851770230798716
150,283,0.692700891515946,0.7584336626115249,0.78805925861324
150,284,0.6965554749762598,0.7614629699483043,0.7909055550621944
150,285,0.7003577225930646,0.7644555718207543,0.7937161770830632
150,286,0.7041085021280584,0.7674117908742252,0.7964914074900451
150,287,0.7078086641208688,0.7703319627472819,0.7992315453706922
150,288,0.7114590422883338,0.7732164345110315,0.8019369043303943
150,289,0.7150604539131811,0.7760655632256532,0.8046078108594013
150,290,0.7186137002224287,0.7788797146069707,0.8072446028159808
150,291,0.7221195667558094,0.7816592617961675,0.8098476280193179
150,292,0.7255788237245164,0.7844045842259895,0.8124172429459835
150,293,0.7289922263605575,0.7871160665771622,0.8149538115239339
150,294,0.7323605152569936,0.7897940978189716,0.8174577040181734
150,295,0.7356844166993296,0.7924390703283496,0.8199292960024511
150,296,0.7389646429883187,0.7950513790820422,0.822368967411605
150,297,0.7422018927544277,0.7976314209167829,0.8247771016693741
150,298,0.7453968512642086,0.8001795938526843,0.8271540848867391
150,299,0.748550190718811,0.8026962964753246,0.8295003051261389
150,300,0.7516625705448587,0.8051819273723121,0.8318161517271034
150,301,0.7547346376779183,0.8076368846203444,0.8341020146891056
150,302,0.7577670268387628,0.8100615653190772,0.8363582841076911
150,303,0.7607603608026451,0.8124563651682931,0.8385853496601137
150,304,0.7637152506617737,0.8148216780851754,0.8407836001369968
150,305,0.76663229608119,0.8171578958586119,0.8429534230167153
150,306,0.769512085548229,0.819465407837763,0.8450952040793711
150,307,0.7723551966157478,0.8217446006522275,0.8472093270575278
150,308,0.7751621961392964,0.8239958579613834,0.8492961733209135
150,309,0.7779336405084002,0.8262195602306428,0.851356121592624
150,310,0.7806700758721201,0.8284160845324844,0.8533895476944107
150,311,0.7833720383590481,0.8305858043703288,0.8553968243188734
150,312,0.7860400542918944,0.8327290895234221,0.8573783208264876
150,313,0.7886746403968158,0.8348463059110676,0.859334403065537
150,314,0.791276304007629,0.8369378154745932,0.861265433213191
150,315,0.793845543265052,0.8390039760756615,0.8631717696360506
150,316,0.7963828473111066,0.8410451414095399,0.8650537667686009
150,317,0.7988886964788195,0.8430616609321091,0.8669117750081832
150,318,0.8013635624773435,0.8450538797994496,0.8687461406251062
150,319,0.8038079085726297,0.8470221388189463,0.870557205686681
150,320,0.8062221897637671,0.8489667744109233,0.8723453079940457
150,321,0.8086068529551074,0.8508881185799063,0.874110781030681
150,322,0.8109623371242894,0.8527864988946652,0.8758539539216768
160,273,0.6278106750530758,0.7260247033536404,0.7589855100709404
160,274,0.6325357588544527,0.7293377510950989,0.7620788331593913
160,275,0.6371946487510858,0.732617796865401,0.7651414589427905
160,276,0.6417884802355018,0.7358646849474026,0.7681731423857532
160,277,0.646318365465935,0.7390783020188204,0.7711736840750723
160,278,0.650785393826677,0.7422585742930776,0.7741429274765073
160,279,0.655190632473013,0.7454054647833007,0.7770807562753199
160,280,0.6595351268612324,0.7485189706908327,0.7799870918067786
160,281,0.663819901264165,0.751599120918464,0.7828618905813072
160,282,0.668045959272694,0.7546459737075503,0.7857051419076362
160,283,0.6722142842836759,0.7576596143973974,0.7885168656160504
160,284,0.6763258399746772,0.7606401533045362,0.7912971098828574
160,285,0.6803815707659356,0.7635877237190081,0.7940459491562848
160,286,0.684382402269929,0.766502480014281,0.7967634821832141
160,287,0.6883292417289267,0.7693845958671137,0.7994498301355535
160,288,0.6922229784408894,0.7722342625833865,0.8021051348344732
160,289,0.6960644841740597,0.7750516875257369,0.804729557070315
160,290,0.6998546135705906,0.7778370926387552,0.8073232750155894
160,291,0.7035942045395299,0.7805907130673868,0.8098864827282324
160,292,0.7072840786394843,0.7833127958641769,0.8124193887419959
160,293,0.7109250414512613,0.7860035987810501,0.8149222147408235
160,294,0.7145178829407932,0.7886633891413178,0.8173951943137849
160,295,0.7180633778126182,0.7912924427877422,0.8198385717872072
160,296,0.7215622858542066,0.7938910431025289,0.8222526011305615
160,297,0.7250153522713896,0.7964594800952993,0.8246375449326424
160,298,0.728423308015156,0.7989980495551667,0.8269936734446695
160,299,0.731786870100065,0.8015070522632292,0.8293212636869178
160,300,0.735106741914516,0.8039867932619029,0.8316205986156169
160,301,0.7383836135231129,0.8064375811776945,0.8338919663468827
160,302,0.7416181619613471,0.8088597275941498,0.8361356594346048
160,303,0.7448110515228215,0.8112535464718751,0.8383519741992389
160,304,0.7479629340392253,0.8136193536126844,0.8405412101046503
160,305,0.7510744491532694,0.815957466165067,0.8427036691801528
160,306,0.7541462245847776,0.8182682021683161,0.8448396554851632
160,307,0.7571788763901309,0.8205518801328195,0.8469494746138173
160,308,0.7601730092152494,0.8228088186541325,0.8490334332372005
160,309,0.7631292165422936,0.8250393360585994,0.8510918386807975
160,310,0.7660480809302616,0.8272437500784012,0.8531249985350235
160,311,0.7689301742496513,0.8294223775540794,0.8551332202966868
160,312,0.7717760579113541,0.8315755341626234,0.8571168110394465
160,313,0.7745862830899368,0.8337035341694012,0.8590760771113604
160,314,0.7773613909414709,0.8358066902022845,0.8610113238577699
160,315,0.7801019128160555,0.8378853130464088,0.8629228553678414
160,316,0.7828083704651805,0.8399397114581334,0.864810974243194
160,317,0.7854812762440742,0.8419701919968443,0.8666759813871168
160,318,0.7881211333091664,0.8439770588733324,0.8685181758129996
160,319,0.7907284358108051,0.8459606138135531,0.8703378544706435
160,320,0.7933036690813516,0.8479211559366744,0.8721353120892297
160,321,0.7958473098187813,0.8498589816463494,0.8739108410357856
160,322,0.7983598262659088,0.8517743845342665,0.8756647311880608
170,273,0.6045488422438929,0.727889115189815,0.7624288956237388
170,274,0.6095692437828559,0.7310831601300177,0.7653791228388116
170,275,0.6145193142980286,0.7342497559125631,0.7683046681070864
170,276,0.6194002602502207,0.737388569671305,0.7712051191994713
170,277,0.624213263307556,0.7404993122311583,0.7740801083485194
170,278,0.6289594809408441,0.7435817357649182,0.7769293102187238
170,279,0.6336400470025763,0.746635631506909,0.779752439889599
170,280,0.6382560722900594,0.749660827529799,0.7825492508612375
170,281,0.6428086450931751,0.7526571865896561,0.785319533090721
170,282,0.6472988317272373,0.7556246040432061,0.7880631110665914
170,283,0.6517276770514056,0.7585630058401867,0.7907798419274257
170,284,0.6560962049730945,0.7614723465928447,0.7934696136296031
170,285,0.6604054189388066,0.764352607723796,0.7961323431683329
170,286,0.6646563024117994,0.7672037956927983,0.7987679748552181
170,287,0.6688498193369846,0.7700259403023472,0.8013764786548272
170,288,0.6729869145934451,0.7728190930815817,0.803957848582098
170,289,0.6770685144349384,0.7755833257474193,0.8065121011617227
170,290,0.6810955269187525,0.7783187287416123,0.8090392739502068
170,291,0.6850688423232505,0.7810254098420116,0.8115394241207441
170,292,0.6889893335544519,0.7837034928461437,0.8140126271106987
170,293,0.6928578565419652,0.7863531163249632,0.8164589753310953
170,294,0.6966752506245928,0.7889744324445386,0.818878576937242
170,295,0.7004423389259069,0.7915676058532901,0.8212715546593501
170,296,0.7041599287200945,0.7941328126323035,0.8236380446917855
170,297,0.7078288117883514,0.7966702393062524,0.8259781956394596
170,298,0.7114497647661032,0.7991800819123595,0.8282921675196862
170,299,0.7150235494813191,0.8016625451249096,0.830580130817745
170,300,0.7185509132841732,0.8041178414327675,0.832842265594322
170,301,0.7220325893683074,0.8065461903674297,0.8350787606428995
170,302,0.7254692970839312,0.8089478177791802,0.8372898126952133
170,303,0.7288617422429978,0.8113229551589425,0.8394756256727731
170,304,0.7322106174166769,0.8136718390035357,0.841636409982534
170,305,0.7355166022253488,0.8159947102220565,0.843772381854752
170,306,0.7387803636213262,0.8182918135812113,0.8458837627211306
170,307,0.7420025561645142,0.8205633971875126,0.8479707786313346
170,308,0.7451838222912025,0.8228097120042943,0.8500336597060727
170,309,0.7483247925761869,0.8250310114016192,0.8520726396248974
170,310,0.7514260859884029,0.8272275507372172,0.8540879551469975
170,311,0.7544883101402545,0.8293995869666739,0.8560798456632739
170,312,0.7575120615308136,0.8315473782811696,0.858048552778071
170,313,0.7604979257830579,0.833671183771162,0.8599943199189555
170,314,0.763446477875313,0.8357712631144635,0.8619173919730427
170,315,0.7663582823670589,0.8378478762872612,0.863818014948404
170,316,0.7692338936192542,0.8399012832966932,0.8656964356591388
170,317,0.7720738560093288,0.8419317439336396,0.8675529014328065
170,318,0.7748787041409892,0.8439395175445322,0.869387659838891
170,319,0.7776489630489805,0.8459248628209537,0.8712009584371301
170,320,0.7803851483989361,0.8478880376059512,0.8729930445445053
170,321,0.7830877666824549,0.8498292987159745,0.874764165019807
170,322,0.7857573154075281,0.8517489017774897,0.8765145660647304
180,273,0.5812870094347102,0.7314133017858435,0.767648388777175
180,274,0.5866027287112592,0.7344740149391487,0.7704419252477854
180,275,0.5918439798449715,0.7375123845636044,0.7732161484051812
180,276,0.5970120402649395,0.7405279528841735,0.7759705412075115
180,277,0.602108161149177,0.7435203040739254,0.7787046270288849
180,278,0.6071335680550115,0.746489062483546,0.7814179683056368
180,279,0.6120894615321396,0.7494338908768363,0.784110165150981
180,280,0.6169770177188864,0.7523544886805991,0.7867808539478196
180,281,0.6217973889221855,0.7552505902562547,0.789429705928615
180,282,0.6265517041817807,0.7581219631995822,0.7920564257503913
180,283,0.6312410698191353,0.7609684066740003,0.7946607500721286
180,284,0.6358665699715118,0.763789749782003,0.7972424461410363
180,285,0.6404292671116776,0.7665858499785534,0.7998013103934365
180,286,0.6449302025536701,0.7693565915295585,0.8023371670753048
180,287,0.6493703969450426,0.7721018840178371,0.8048498668868089
180,288,0.6537508507460006,0.7748216608985081,0.8073392856546195
180,289,0.6580725446958172,0.7775158781051084,0.8098053230351463
180,290,0.6623364402669145,0.7801845127073502,0.8122479012513484
180,291,0.6665434801069712,0.7828275616209918,0.8146669638652713
180,292,0.6706945884694198,0.7854450403699259,0.8170624745880162
180,293,0.674790671632669,0.788036981900324,0.8194344161284477
180,294,0.6788326183083924,0.790603435446326,0.821782789081601
180,295,0.6828213000391955,0.7931444654466229,0.8241076108573764
180,296,0.6867575715859824,0.7956601505110152,0.8264089146498979
180,297,0.6906422713053133,0.7981505824358912,0.8286867484475675
180,298,0.6944762215170505,0.8006158652674469,0.830941174083708
180,299,0.6982602288625732,0.803056114411347,0.8331722663274275
180,300,0.7019950846538304,0.8054714557874233,0.8353801120142099
180,301,0.705681565213502,0.8078620250279958,0.8375648092155776
180,302,0.7093204322065154,0.8102279667182776,0.8397264664470465
180,303,0.7129124329631742,0.8125694336773773,0.8418652019135091
180,304,0.7164583007941285,0.8148865862783232,0.8439811427910804
180,305,0.719958755297428,0.8171795918055669,0.8460744245443765
180,306,0.7234145026578749,0.8194486238484199,0.8481451902781794
180,307,0.7268262359388973,0.8216938617289115,0.8501935901223228
180,308,0.7301946353671557,0.8239154899624928,0.8522197806487068
180,309,0.7335203686100802,0.8261136977501905,0.8542239243192586
180,310,0.7368040910465442,0.8282886785006759,0.8562061889636616
180,311,0.7400464460308577,0.8304406293808745,0.8581667472857022
180,312,0.7432480651502733,0.8325697508937324,0.8601057763970767
180,313,0.7464095684761789,0.8346762464817987,0.862023457377471
180,314,0.749531564809155,0.836760322155319,0.8639199748598274
180,315,0.7526146519180623,0.8388221861436252,0.8657955166396505
180,316,0.755659416773328,0.840862048568582,0.8676502733072686
180,317,0.7586664357745835,0.8428801211389589,0.8694844379019977
180,318,0.7616362749728122,0.8448766168646213,0.8712982055871721
180,319,0.7645694902871558,0.8468517497894605,0.8730917733450163
180,320,0.7674666277165205,0.8488057347420562,0.8748653396904229
180,321,0.7703282235461288,0.850738787103111,0.8766191044026646
180,322,0.7731548045491474,0.852651122588698,0.8783532682741539
190,273,0.5580251766255273,0.7363699054975695,0.7743900168398514
190,274,0.5636362136396624,0.7392891188312987,0.7770203491875864
190,275,0.5691686453919145,0.7421905405590428,0.7796360088769365
190,276,0.5746238202796583,0.7450736324490697,0.782236422923023
190,277,0.5800030589907978,0.7479378947145352,0.784821053478792
190,278,0.5853076551691788,0.7507828647696905,0.7873893970262735
190,279,0.5905388760617029,0.7536081159592516,0.7899409835150264
190,280,0.5956979631477133,0.7564132562693446,0.7924753754558578
190,281,0.6007861327511959,0.7591979270277147,0.7949921669775328
190,282,0.605804576636324,0.7619618016001207,0.7974909828536523
190,283,0.610754462586865,0.7647045840892087,0.7999714775064366
190,284,0.6156369349699291,0.7674260080414134,0.8024333339936578
190,285,0.6204531152845485,0.7701258351668535,0.8048762629844541
190,286,0.6252041026955406,0.7728038540765436,0.8073000017293206
190,287,0.6298909745531005,0.7754598790407122,0.8097043130290278
190,288,0.6345147868985562,0.778093748771465,0.8120889842068404
190,289,0.639076574956696,0.7807053252325493,0.8144538260879004
190,290,0.6435773536150764,0.7832944924785276,0.8167986719892428
190,291,0.6480181178906917,0.7858611555252495,0.8191233767235147
190,292,0.6523998433843874,0.7884052392531279,0.8214278156190784
190,293,0.6567234867233729,0.7909266873444051,0.8237118835588078
190,294,0.6609899859921919,0.7934254612552532,0.8259754940395909
190,295,0.6652002611524842,0.7959015392233026,0.8282185782542153
190,296,0.6693552144518702,0.7983549153109276,0.8304410841970211
190,297,0.6734557308222751,0.8007855984844265,0.8326429757944644
190,298,0.6775026782679977,0.8031936117289831,0.8348242320614994
190,299,0.6814969082438272,0.8055789911992106,0.8369848462844236
190,300,0.6854392560234877,0.8079417854048524,0.8391248252306986
190,301,0.6893305410586965,0.8102820544311526,0.8412441883860182
190,302,0.6931715673290996,0.8125998691932413,0.8433429672187931
190,303,0.6969631236833504,0.814895310723859,0.8454212044720302
190,304,0.7007059841715801,0.817168469493598,0.8474789534824991
190,305,0.7044009083695073,0.8194194447628471,0.8495162775269411
190,306,0.7080486416944234,0.8216483439645145,0.8515332491950018
190,307,0.7116499157132805,0.8238552821166052,0.8535299497884592
190,308,0.7152054484431087,0.8260403812637093,0.8555064687462892
190,309,0.7187159446439736,0.8282037699463984,0.8574629030950092
190,310,0.7221820961046855,0.8303455826975452,0.8593993569237
190,311,0.7256045819214609,0.8324659595645931,0.8613159408831155
190,312,0.7289840687697329,0.8345650456567559,0.8632127717081528
190,313,0.7323212111692999,0.8366429907161776,0.8650899717630542
190,314,0.7356166517429967,0.8386999487120773,0.8669476686085931
190,315,0.7388710214690658,0.8407360774569148,0.8687859945905358
190,316,0.7420849399274018,0.8427515382436308,0.8706050864486483
190,317,0.7452590155398381,0.844746495503065,0.8724050849455276
190,318,0.7483938458046351,0.8467211164806117,0.8741861345144923
190,319,0.7514900175253311,0.8486755709312802,0.8759483829258539
190,320,0.754548107034105,0.8506100308322673,0.8776919809708044
190,321,0.7575686804098026,0.8525246701122758,0.8794170821622331
190,322,0.7605522936907667,0.8544196643967046,0.8811238424517773
